AlphaRank,Pattern,Trades,WinRate,AvgReturn,SurvivalLabel,TimesSeen,ConfidenceScore,AlphaScore,ConfidenceRank
1,OVERSOLD|HIGH_VOLATILITY|NORMAL|HIGH_VOL|VIX_EXTREME,39,71.79,7.613,UNKNOWN,1,195.3761,385.57,4
2,PANIC|HIGH_VOLATILITY|VOLATILE|BULL|VIX_LOW,2005,54.31,2.065,UNKNOWN,1,295.9423,242.9488,1
3,PANIC|HIGH_VOLATILITY|VOLATILE|HIGH_VOL|VIX_EXTREME,858,60.84,1.786,UNKNOWN,1,280.825,198.7999,2
4,PANIC|BEAR|VOLATILE|BEAR|VIX_EXTREME,382,67.28,2.359,UNKNOWN,1,143.3531,134.8091,5
5,MOMENTUM|HIGH_VOLATILITY|VOLATILE|BULL|VIX_LOW,2085,49.3,1.43,UNKNOWN,1,222.5825,116.6979,3
6,PANIC|SIDEWAYS|VOLATILE|HIGH_VOL|VIX_EXTREME,182,43.96,-4.245,UNKNOWN,1,-116.1467,96.0895,353
7,MOMENTUM|BULL|VOLATILE|BULL|VIX_EXTREME,27,77.78,3.984,UNKNOWN,1,81.4025,87.8853,32
8,PANIC|HIGH_VOLATILITY|VOLATILE|SIDEWAYS|VIX_EXTREME,443,56.66,1.728,UNKNOWN,1,133.6545,79.8383,7
9,OVERBOUGHT|HIGH_VOLATILITY|NORMAL|BULL|VIX_HIGH,64,65.62,3.384,UNKNOWN,1,74.4488,72.894,37
10,OVERSOLD|SIDEWAYS|NORMAL|SIDEWAYS|VIX_EXTREME,83,72.29,2.786,UNKNOWN,1,71.9509,68.0982,41
11,MOMENTUM|INSUFFICIENT_HISTORY|VOLATILE|BULL|VIX_LOW,213,47.42,2.383,UNKNOWN,1,109.9783,67.7448,13
12,MOMENTUM|HIGH_VOLATILITY|NORMAL|BULL|VIX_LOW,341,51.61,1.909,UNKNOWN,1,89.3783,53.1982,25
13,PANIC|BULL|VOLATILE|BULL|VIX_HIGH,683,57.69,1.088,UNKNOWN,1,128.4891,52.8398,8
14,MOMENTUM|BULL|VOLATILE|BULL|VIX_HIGH,1078,58.35,1.115,UNKNOWN,1,112.439,51.8043,11
15,OVERBOUGHT|SIDEWAYS|NORMAL|SPY_INSUFFICIENT_HISTORY|VIX_UNAVAILABLE,41,60.98,2.538,UNKNOWN,1,83.6112,50.4251,29
16,PANIC|HIGH_VOLATILITY|VOLATILE|SIDEWAYS|VIX_LOW,178,48.88,1.884,UNKNOWN,1,102.084,49.859,17
17,PANIC|SIDEWAYS|NORMAL|SIDEWAYS|VIX_EXTREME,137,66.42,1.731,UNKNOWN,1,82.1467,48.6093,30
18,PANIC|SIDEWAYS|VOLATILE|SIDEWAYS|VIX_EXTREME,531,64.22,1.547,UNKNOWN,1,71.7042,47.4429,42
19,PANIC|SIDEWAYS|VOLATILE|BULL|VIX_HIGH,717,58.3,1.05,UNKNOWN,1,114.2813,46.5903,10
20,PANIC|BULL|VOLATILE|SIDEWAYS|VIX_EXTREME,145,59.31,1.466,UNKNOWN,1,94.4559,42.1481,21
21,MOMENTUM|BEAR|VOLATILE|SIDEWAYS|VIX_EXTREME,102,65.69,2.132,UNKNOWN,1,56.8083,40.3813,62
22,MOMENTUM|HIGH_VOLATILITY|VOLATILE|HIGH_VOL|VIX_EXTREME,917,51.8,0.839,UNKNOWN,1,135.2311,40.0973,6
23,PANIC|BEAR|VOLATILE|HIGH_VOL|VIX_HIGH,49,77.55,2.613,UNKNOWN,1,43.9154,39.7992,85
24,MOMENTUM|BEAR|VOLATILE|BEAR|VIX_EXTREME,205,67.32,1.444,UNKNOWN,1,72.3842,39.7327,40
25,PANIC|HIGH_VOLATILITY|VOLATILE|HIGH_VOL|VIX_HIGH,144,56.94,1.857,UNKNOWN,1,64.3169,36.4167,48
26,MOMENTUM|SIDEWAYS|NORMAL|SIDEWAYS|VIX_EXTREME,103,64.08,1.876,UNKNOWN,1,59.7482,36.2624,56
27,MOMENTUM|HIGH_VOLATILITY|VOLATILE|SIDEWAYS|VIX_LOW,198,48.48,1.559,UNKNOWN,1,83.6462,34.8871,28
28,PANIC|HIGH_VOLATILITY|VOLATILE|BULL|VIX_HIGH,736,51.22,1.062,UNKNOWN,1,89.405,33.2449,24
29,OVERBOUGHT|HIGH_VOLATILITY|NORMAL|SIDEWAYS|VIX_HIGH,49,46.94,2.649,UNKNOWN,1,63.2435,33.1768,50
30,PANIC|BULL|NORMAL|SIDEWAYS|VIX_EXTREME,53,64.15,1.668,UNKNOWN,1,72.6229,32.8393,39
31,PANIC|SIDEWAYS|NORMAL|SIDEWAYS|VIX_HIGH,786,63.1,0.942,UNKNOWN,1,78.2436,32.5696,35
32,MOMENTUM|SIDEWAYS|VOLATILE|HIGH_VOL|VIX_EXTREME,143,42.66,-2.653,UNKNOWN,1,-69.2628,31.0398,352
33,MOMENTUM|SIDEWAYS|VOLATILE|SIDEWAYS|VIX_ELEVATED,1484,56.74,0.801,UNKNOWN,1,89.8051,30.8479,23
34,MOMENTUM|BULL|NORMAL|SIDEWAYS|VIX_EXTREME,70,70.0,1.801,UNKNOWN,1,48.6734,29.3613,79
35,MOMENTUM|SIDEWAYS|VOLATILE|BEAR|VIX_EXTREME,128,61.72,1.422,UNKNOWN,1,63.1355,29.0477,51
36,MOMENTUM|HIGH_VOLATILITY|NORMAL|BEAR|VIX_HIGH,67,56.72,2.015,UNKNOWN,1,53.341,28.4444,70
37,PANIC|HIGH_VOLATILITY|NORMAL|BULL|VIX_LOW,384,53.39,0.889,UNKNOWN,1,94.2232,27.4232,22
38,MOMENTUM|BULL|VOLATILE|BULL|VIX_LOW,4026,53.1,0.586,UNKNOWN,1,103.1234,27.2084,16
39,MOMENTUM|BULL|VOLATILE|SPY_INSUFFICIENT_HISTORY|VIX_UNAVAILABLE,210,52.86,1.718,UNKNOWN,1,49.8601,27.0914,75
40,OVERSOLD|HIGH_VOLATILITY|NORMAL|BULL|VIX_LOW,90,62.22,1.676,UNKNOWN,1,51.7005,27.0266,72
41,PANIC|HIGH_VOLATILITY|VOLATILE|SPY_INSUFFICIENT_HISTORY|VIX_UNAVAILABLE,377,59.15,0.908,UNKNOWN,1,79.2221,26.4829,33
42,OVERSOLD|BEAR|NORMAL|SIDEWAYS|VIX_HIGH,225,60.0,1.207,UNKNOWN,1,60.2673,25.6858,55
43,PANIC|BULL|VOLATILE|BULL|VIX_EXTREME,55,69.09,2.275,UNKNOWN,1,32.5399,25.0632,130
44,PANIC|SIDEWAYS|VOLATILE|SIDEWAYS|VIX_ELEVATED,1632,55.82,0.711,UNKNOWN,1,77.4226,23.9027,36
45,OVERBOUGHT|HIGH_VOLATILITY|NORMAL|BULL|VIX_LOW,216,52.78,1.149,UNKNOWN,1,67.6415,23.5883,44
46,OVERSOLD|BEAR|NORMAL|BEAR|VIX_EXTREME,48,77.08,1.703,UNKNOWN,1,39.2994,23.4525,101
47,PANIC|BEAR|NORMAL|BEAR|VIX_EXTREME,110,69.09,1.224,UNKNOWN,1,51.5912,22.8419,73
48,MOMENTUM|INSUFFICIENT_HISTORY|VOLATILE|SPY_INSUFFICIENT_HISTORY|VIX_UNAVAILABLE,72,47.22,1.843,UNKNOWN,1,54.7461,22.5117,67
49,PANIC|HIGH_VOLATILITY|VOLATILE|BULL|VIX_ELEVATED,1697,46.73,0.746,UNKNOWN,1,81.9025,22.1876,31
50,OVERBOUGHT|HIGH_VOLATILITY|NORMAL|BULL|VIX_ELEVATED,130,55.38,1.617,UNKNOWN,1,44.2315,22.0468,84
51,MOMENTUM|BULL|NORMAL|BULL|VIX_HIGH,445,57.53,0.843,UNKNOWN,1,63.1059,20.1403,52
52,OVERSOLD|SIDEWAYS|NORMAL|SIDEWAYS|VIX_ELEVATED,524,62.4,0.71,UNKNOWN,1,67.0212,19.9023,45
53,PANIC|HIGH_VOLATILITY|NORMAL|SIDEWAYS|VIX_LOW,37,51.35,3.285,UNKNOWN,1,24.0567,19.4595,164
54,OVERBOUGHT|BULL|NORMAL|BULL|VIX_HIGH,432,56.94,0.845,UNKNOWN,1,59.1891,18.8188,57
55,OVERBOUGHT|HIGH_VOLATILITY|NORMAL|SPY_INSUFFICIENT_HISTORY|VIX_UNAVAILABLE,57,56.14,2.131,UNKNOWN,1,31.4765,18.7616,133
56,MOMENTUM|BULL|VOLATILE|SIDEWAYS|VIX_ELEVATED,1166,56.43,0.664,UNKNOWN,1,65.5713,18.6215,46
57,OVERSOLD|BEAR|NORMAL|BULL|VIX_HIGH,75,66.67,1.854,UNKNOWN,1,25.9343,17.9122,155
58,MOMENTUM|SIDEWAYS|NORMAL|SIDEWAYS|VIX_ELEVATED,844,60.19,0.695,UNKNOWN,1,57.4906,17.7178,60
59,OVERSOLD|HIGH_VOLATILITY|NORMAL|SIDEWAYS|VIX_ELEVATED,56,57.14,1.286,UNKNOWN,1,53.671,17.6145,69
60,MOMENTUM|HIGH_VOLATILITY|NORMAL|HIGH_VOL|VIX_HIGH,47,68.09,1.377,UNKNOWN,1,41.1798,17.2982,95
61,PANIC|HIGH_VOLATILITY|NORMAL|SIDEWAYS|VIX_HIGH,196,55.61,0.976,UNKNOWN,1,54.7689,17.2944,66
62,PANIC|BULL|NORMAL|SPY_INSUFFICIENT_HISTORY|VIX_UNAVAILABLE,66,60.61,1.563,UNKNOWN,1,36.2463,17.1535,120
63,PANIC|SIDEWAYS|VOLATILE|BEAR|VIX_EXTREME,241,62.66,0.887,UNKNOWN,1,50.2865,17.1262,74
64,MOMENTUM|HIGH_VOLATILITY|VOLATILE|BEAR|VIX_ELEVATED,35,68.57,1.575,UNKNOWN,1,37.3915,17.0791,108
65,MOMENTUM|HIGH_VOLATILITY|VOLATILE|BULL|VIX_ELEVATED,1792,45.2,0.503,UNKNOWN,1,95.1926,16.6843,20
66,PANIC|SIDEWAYS|NORMAL|HIGH_VOL|VIX_EXTREME,37,43.24,-3.187,UNKNOWN,1,-45.6509,16.6414,350
67,PANIC|BULL|NORMAL|BULL|VIX_LOW,1596,56.45,0.605,UNKNOWN,1,60.5344,16.5452,54
68,MOMENTUM|BEAR|VOLATILE|SIDEWAYS|VIX_HIGH,565,55.04,0.53,UNKNOWN,1,85.9693,16.5241,27
69,OVERBOUGHT|BEAR|NORMAL|BULL|VIX_LOW,29,65.52,3.039,UNKNOWN,1,16.1111,16.4665,199
70,MOMENTUM|BULL|VOLATILE|BULL|VIX_ELEVATED,2969,52.37,0.426,UNKNOWN,1,88.5929,16.3782,26
71,PANIC|SIDEWAYS|VOLATILE|SIDEWAYS|VIX_HIGH,1938,57.59,0.491,UNKNOWN,1,69.2742,15.8012,43
72,MOMENTUM|INSUFFICIENT_HISTORY|VOLATILE|SIDEWAYS|VIX_HIGH,26,53.85,1.475,UNKNOWN,1,53.8305,15.56,68
73,OVERBOUGHT|BULL|NORMAL|BULL|VIX_ELEVATED,1953,55.5,0.373,UNKNOWN,1,95.4079,15.3974,19
74,PANIC|SIDEWAYS|NORMAL|SIDEWAYS|VIX_ELEVATED,905,57.79,0.619,UNKNOWN,1,55.556,14.869,63
75,PANIC|BEAR|VOLATILE|HIGH_VOL|VIX_EXTREME,178,53.93,-1.404,UNKNOWN,1,-50.5468,14.83,351
76,MOMENTUM|INSUFFICIENT_HISTORY|NORMAL|BULL|VIX_LOW,48,35.42,1.28,UNKNOWN,1,79.0452,14.6306,34
77,PANIC|BEAR|VOLATILE|SPY_INSUFFICIENT_HISTORY|VIX_UNAVAILABLE,96,67.71,1.734,UNKNOWN,1,18.9964,14.5027,186
78,PANIC|INSUFFICIENT_HISTORY|VOLATILE|BULL|VIX_HIGH,26,50.0,1.805,UNKNOWN,1,40.9947,14.1246,96
79,MOMENTUM|SIDEWAYS|VOLATILE|SIDEWAYS|VIX_HIGH,1303,54.18,0.35,UNKNOWN,1,98.3282,13.7215,18
80,OVERSOLD|BEAR|NORMAL|SIDEWAYS|VIX_EXTREME,45,57.78,1.713,UNKNOWN,1,28.8349,13.7038,142
81,PANIC|INSUFFICIENT_HISTORY|VOLATILE|SPY_INSUFFICIENT_HISTORY|VIX_UNAVAILABLE,46,54.35,1.484,UNKNOWN,1,37.2636,13.6671,110
82,MOMENTUM|BULL|VOLATILE|SIDEWAYS|VIX_EXTREME,181,55.8,1.091,UNKNOWN,1,36.2496,13.6441,119
83,PANIC|HIGH_VOLATILITY|VOLATILE|SIDEWAYS|VIX_ELEVATED,1023,51.03,0.584,UNKNOWN,1,57.9537,13.0712,59
84,PANIC|BULL|VOLATILE|SPY_INSUFFICIENT_HISTORY|VIX_UNAVAILABLE,89,58.43,1.087,UNKNOWN,1,38.981,13.0355,104
85,OVERBOUGHT|BULL|NORMAL|SIDEWAYS|VIX_HIGH,316,61.39,0.504,UNKNOWN,1,63.6806,12.2253,49
86,MOMENTUM|BULL|VOLATILE|SIDEWAYS|VIX_HIGH,839,55.07,0.593,UNKNOWN,1,49.5714,12.1978,76
87,PANIC|HIGH_VOLATILITY|NORMAL|HIGH_VOL|VIX_HIGH,27,59.26,1.609,UNKNOWN,1,29.3771,11.6502,139
88,PANIC|BULL|VOLATILE|SIDEWAYS|VIX_HIGH,686,55.83,0.634,UNKNOWN,1,43.8695,11.5986,87
89,MOMENTUM|BULL|VOLATILE|SIDEWAYS|VIX_LOW,276,55.8,0.811,UNKNOWN,1,37.7527,11.3172,107
90,MOMENTUM|SIDEWAYS|VOLATILE|BULL|VIX_HIGH,554,53.61,0.822,UNKNOWN,1,32.325,10.9749,131
91,PANIC|INSUFFICIENT_HISTORY|VOLATILE|SPY_INSUFFICIENT_HISTORY|VIX_EXTREME,334,64.37,0.664,UNKNOWN,1,37.0754,10.8936,112
92,MOMENTUM|HIGH_VOLATILITY|VOLATILE|SIDEWAYS|VIX_ELEVATED,1066,50.75,0.755,UNKNOWN,1,31.9268,10.4306,132
93,MOMENTUM|SIDEWAYS|NORMAL|SIDEWAYS|VIX_HIGH,678,57.08,0.401,UNKNOWN,1,64.548,10.3608,47
94,MOMENTUM|HIGH_VOLATILITY|NORMAL|SIDEWAYS|VIX_ELEVATED,148,56.76,1.004,UNKNOWN,1,28.9268,10.3366,141
95,PANIC|SIDEWAYS|VOLATILE|BULL|VIX_EXTREME,42,61.9,1.702,UNKNOWN,1,17.5832,10.178,192
96,PANIC|BULL|NORMAL|SIDEWAYS|VIX_ELEVATED,515,57.09,0.488,UNKNOWN,1,52.4856,10.1253,71
97,PANIC|HIGH_VOLATILITY|NORMAL|HIGH_VOL|VIX_EXTREME,101,57.43,0.874,UNKNOWN,1,36.4954,10.051,118
98,MOMENTUM|BEAR|NORMAL|SIDEWAYS|VIX_HIGH,249,55.02,0.61,UNKNOWN,1,43.8956,9.3003,86
99,PANIC|BEAR|VOLATILE|BULL|VIX_HIGH,291,57.04,0.854,UNKNOWN,1,25.9356,9.2534,154
100,PANIC|BEAR|NORMAL|HIGH_VOL|VIX_HIGH,35,68.57,1.75,UNKNOWN,1,12.9346,9.1836,213
101,MOMENTUM|BULL|VOLATILE|HIGH_VOL|VIX_HIGH,50,56.0,0.863,UNKNOWN,1,41.5179,9.1157,94
102,MOMENTUM|BEAR|VOLATILE|SIDEWAYS|VIX_ELEVATED,525,55.62,0.586,UNKNOWN,1,37.7996,9.0894,106
103,PANIC|HIGH_VOLATILITY|NORMAL|SIDEWAYS|VIX_EXTREME,60,48.33,1.225,UNKNOWN,1,29.734,9.0051,138
104,PANIC|HIGH_VOLATILITY|NORMAL|SIDEWAYS|VIX_ELEVATED,166,53.01,1.369,UNKNOWN,1,15.877,8.9498,200
105,PANIC|SIDEWAYS|VOLATILE|HIGH_VOL|VIX_HIGH,68,60.29,1.2,UNKNOWN,1,20.8675,8.805,174
106,MOMENTUM|HIGH_VOLATILITY|VOLATILE|SPY_INSUFFICIENT_HISTORY|VIX_UNAVAILABLE,454,48.02,0.679,UNKNOWN,1,37.1465,8.761,111
107,OVERBOUGHT|BULL|NORMAL|SPY_INSUFFICIENT_HISTORY|VIX_UNAVAILABLE,104,50.96,0.694,UNKNOWN,1,45.1003,8.4451,83
108,OVERSOLD|HIGH_VOLATILITY|NORMAL|SIDEWAYS|VIX_HIGH,38,60.53,1.405,UNKNOWN,1,18.5886,8.2944,188
109,OVERBOUGHT|INSUFFICIENT_HISTORY|NORMAL|SPY_INSUFFICIENT_HISTORY|VIX_HIGH,265,61.51,0.461,UNKNOWN,1,43.6106,7.9039,88
110,OVERBOUGHT|INSUFFICIENT_HISTORY|NORMAL|SPY_INSUFFICIENT_HISTORY|VIX_ELEVATED,274,59.85,0.496,UNKNOWN,1,40.4664,7.8356,99
111,MOMENTUM|SIDEWAYS|VOLATILE|SIDEWAYS|VIX_EXTREME,318,57.86,0.813,UNKNOWN,1,20.8289,7.7854,175
112,MOMENTUM|BULL|NORMAL|SIDEWAYS|VIX_ELEVATED,668,56.14,0.409,UNKNOWN,1,45.1684,7.6741,82
113,MOMENTUM|BULL|NORMAL|SPY_INSUFFICIENT_HISTORY|VIX_UNAVAILABLE,95,45.26,0.839,UNKNOWN,1,36.8396,7.5598,115
114,OVERBOUGHT|SIDEWAYS|NORMAL|BEAR|VIX_HIGH,79,60.76,0.621,UNKNOWN,1,39.0284,7.5487,103
115,OVERBOUGHT|HIGH_VOLATILITY|NORMAL|HIGH_VOL|VIX_EXTREME,30,60.0,1.141,UNKNOWN,1,24.4724,7.5465,161
116,MOMENTUM|HIGH_VOLATILITY|VOLATILE|BEAR|VIX_EXTREME,175,45.14,-1.138,UNKNOWN,1,-40.1941,7.4679,349
117,PANIC|SIDEWAYS|VOLATILE|BULL|VIX_LOW,2094,52.67,0.37,UNKNOWN,1,43.5643,7.4334,89
118,PANIC|BULL|VOLATILE|BULL|VIX_LOW,1768,53.17,0.308,UNKNOWN,1,54.7904,7.3886,65
119,MOMENTUM|SIDEWAYS|VOLATILE|BULL|VIX_LOW,2339,51.56,0.333,UNKNOWN,1,48.7743,7.29,78
120,PANIC|BULL|VOLATILE|SIDEWAYS|VIX_LOW,119,52.94,1.015,UNKNOWN,1,19.8296,7.1457,184
121,PANIC|INSUFFICIENT_HISTORY|VOLATILE|SIDEWAYS|VIX_HIGH,39,64.1,0.849,UNKNOWN,1,28.1158,7.1253,144
122,MOMENTUM|BULL|NORMAL|BULL|VIX_LOW,2697,52.5,0.314,UNKNOWN,1,47.8255,7.0128,81
123,OVERBOUGHT|SIDEWAYS|NORMAL|BULL|VIX_HIGH,84,59.52,0.706,UNKNOWN,1,29.7619,6.9122,137
124,PANIC|BULL|VOLATILE|BEAR|VIX_HIGH,169,42.6,-1.518,UNKNOWN,1,-32.0568,6.8214,346
125,MOMENTUM|SIDEWAYS|NORMAL|SIDEWAYS|VIX_LOW,249,62.65,0.698,UNKNOWN,1,19.8447,6.7102,182
126,PANIC|SIDEWAYS|NORMAL|SPY_INSUFFICIENT_HISTORY|VIX_UNAVAILABLE,64,64.06,1.412,UNKNOWN,1,7.7991,6.2582,235
127,OVERBOUGHT|SIDEWAYS|NORMAL|SIDEWAYS|VIX_HIGH,284,55.99,0.451,UNKNOWN,1,36.7156,6.2091,116
128,MOMENTUM|SIDEWAYS|VOLATILE|SPY_INSUFFICIENT_HISTORY|VIX_UNAVAILABLE,202,52.97,0.623,UNKNOWN,1,27.9814,6.2013,146
129,PANIC|BULL|VOLATILE|SIDEWAYS|VIX_ELEVATED,661,55.22,0.367,UNKNOWN,1,39.7876,6.1027,100
130,PANIC|BEAR|NORMAL|HIGH_VOL|VIX_EXTREME,55,50.91,-2.04,UNKNOWN,1,-25.645,6.0905,343
131,MOMENTUM|HIGH_VOLATILITY|NORMAL|SPY_INSUFFICIENT_HISTORY|VIX_UNAVAILABLE,87,47.13,0.858,UNKNOWN,1,24.9452,5.8916,158
132,PANIC|BEAR|NORMAL|BEAR|VIX_HIGH,229,57.21,0.392,UNKNOWN,1,40.9239,5.7831,97
133,PANIC|SIDEWAYS|VOLATILE|BEAR|VIX_HIGH,426,53.99,0.39,UNKNOWN,1,38.6489,5.7774,105
134,OVERSOLD|BEAR|NORMAL|HIGH_VOL|VIX_EXTREME,39,41.03,-2.436,UNKNOWN,1,-26.766,5.7563,344
135,OVERSOLD|HIGH_VOLATILITY|NORMAL|BULL|VIX_ELEVATED,86,44.19,0.712,UNKNOWN,1,33.7785,5.7281,124
136,PANIC|SIDEWAYS|NORMAL|BULL|VIX_HIGH,356,53.65,0.587,UNKNOWN,1,23.1979,5.7223,166
137,MOMENTUM|INSUFFICIENT_HISTORY|NORMAL|SPY_INSUFFICIENT_HISTORY|VIX_HIGH,399,56.64,0.39,UNKNOWN,1,36.1865,5.6921,121
138,PANIC|BULL|NORMAL|BULL|VIX_HIGH,414,52.66,0.323,UNKNOWN,1,49.4486,5.6762,77
139,OVERBOUGHT|BULL|NORMAL|BULL|VIX_LOW,4174,53.64,0.206,UNKNOWN,1,55.5479,5.6229,64
140,OVERSOLD|INSUFFICIENT_HISTORY|NORMAL|SPY_INSUFFICIENT_HISTORY|VIX_EXTREME,47,65.96,1.177,UNKNOWN,1,10.063,5.6148,225
141,MOMENTUM|SIDEWAYS|NORMAL|SPY_INSUFFICIENT_HISTORY|VIX_UNAVAILABLE,101,49.5,0.717,UNKNOWN,1,26.4817,5.5763,150
142,PANIC|HIGH_VOLATILITY|NORMAL|BULL|VIX_HIGH,146,51.37,0.444,UNKNOWN,1,42.5833,5.5734,91
143,PANIC|BEAR|VOLATILE|SIDEWAYS|VIX_HIGH,941,54.94,0.461,UNKNOWN,1,24.1757,5.5196,163
144,OVERSOLD|BEAR|NORMAL|SIDEWAYS|VIX_ELEVATED,400,54.25,0.515,UNKNOWN,1,24.5826,5.3928,160
145,PANIC|HIGH_VOLATILITY|VOLATILE|SIDEWAYS|VIX_HIGH,1216,50.66,0.477,UNKNOWN,1,22.9595,5.2688,168
146,OVERBOUGHT|SIDEWAYS|NORMAL|SIDEWAYS|VIX_EXTREME,34,52.94,0.552,UNKNOWN,1,42.0709,5.0378,92
147,PANIC|BULL|NORMAL|SIDEWAYS|VIX_HIGH,409,54.77,0.375,UNKNOWN,1,32.9098,4.9373,128
148,OVERSOLD|SIDEWAYS|NORMAL|BULL|VIX_HIGH,127,65.35,0.882,UNKNOWN,1,7.5397,4.5677,237
149,MOMENTUM|HIGH_VOLATILITY|VOLATILE|BULL|VIX_HIGH,763,47.58,0.32,UNKNOWN,1,37.3013,4.4521,109
150,MOMENTUM|HIGH_VOLATILITY|NORMAL|HIGH_VOL|VIX_EXTREME,73,54.79,0.787,UNKNOWN,1,14.1127,4.1672,207
151,MOMENTUM|BULL|NORMAL|HIGH_VOL|VIX_EXTREME,28,57.14,0.915,UNKNOWN,1,12.9033,3.7547,215
152,OVERSOLD|INSUFFICIENT_HISTORY|NORMAL|BULL|VIX_LOW,62,45.16,0.715,UNKNOWN,1,19.8388,3.7171,183
153,MOMENTUM|HIGH_VOLATILITY|VOLATILE|SIDEWAYS|VIX_EXTREME,347,41.5,-1.128,UNKNOWN,1,-24.4891,3.6962,341
154,PANIC|HIGH_VOLATILITY|NORMAL|BULL|VIX_ELEVATED,294,46.26,0.368,UNKNOWN,1,28.7597,3.4943,143
155,MOMENTUM|BEAR|NORMAL|HIGH_VOL|VIX_HIGH,30,63.33,1.54,UNKNOWN,1,1.1381,3.4736,263
156,MOMENTUM|BEAR|NORMAL|BEAR|VIX_HIGH,194,55.67,0.329,UNKNOWN,1,27.2913,3.3537,147
157,MOMENTUM|SIDEWAYS|NORMAL|BULL|VIX_LOW,1447,52.32,0.195,UNKNOWN,1,36.9331,3.2451,113
158,PANIC|BEAR|NORMAL|SIDEWAYS|VIX_HIGH,395,52.91,0.264,UNKNOWN,1,31.3638,3.2181,134
159,MOMENTUM|SIDEWAYS|NORMAL|BEAR|VIX_HIGH,208,55.77,0.255,UNKNOWN,1,34.8656,3.1741,122
160,PANIC|BULL|NORMAL|BULL|VIX_ELEVATED,1174,52.13,0.266,UNKNOWN,1,23.0343,3.0153,167
161,PANIC|SIDEWAYS|NORMAL|BULL|VIX_LOW,1425,52.84,0.259,UNKNOWN,1,21.5624,2.9212,173
162,MOMENTUM|BEAR|VOLATILE|BEAR|VIX_HIGH,408,50.25,0.227,UNKNOWN,1,34.86,2.8655,123
163,PANIC|BULL|VOLATILE|HIGH_VOL|VIX_EXTREME,48,66.67,1.31,UNKNOWN,1,-1.2837,2.7588,278
164,PANIC|HIGH_VOLATILITY|NORMAL|SPY_INSUFFICIENT_HISTORY|VIX_UNAVAILABLE,89,47.19,0.427,UNKNOWN,1,21.7874,2.6839,171
165,PANIC|HIGH_VOLATILITY|VOLATILE|BEAR|VIX_ELEVATED,26,30.77,-2.996,UNKNOWN,1,-19.1983,2.6024,336
166,MOMENTUM|BEAR|VOLATILE|SPY_INSUFFICIENT_HISTORY|VIX_UNAVAILABLE,84,52.38,1.276,UNKNOWN,1,-0.5973,2.5999,273
167,MOMENTUM|HIGH_VOLATILITY|VOLATILE|BEAR|VIX_HIGH,440,48.41,0.31,UNKNOWN,1,20.2115,2.5707,181
168,MOMENTUM|SIDEWAYS|NORMAL|BULL|VIX_HIGH,258,53.88,0.336,UNKNOWN,1,17.4306,2.5696,193
169,PANIC|BEAR|VOLATILE|SIDEWAYS|VIX_ELEVATED,860,49.42,0.217,UNKNOWN,1,28.0033,2.5648,145
170,MOMENTUM|HIGH_VOLATILITY|NORMAL|BULL|VIX_HIGH,99,50.51,0.36,UNKNOWN,1,22.4503,2.5304,169
171,OVERSOLD|INSUFFICIENT_HISTORY|NORMAL|SPY_INSUFFICIENT_HISTORY|VIX_HIGH,130,48.46,0.386,UNKNOWN,1,18.9283,2.4565,187
172,MOMENTUM|BULL|NORMAL|SIDEWAYS|VIX_LOW,201,58.21,0.461,UNKNOWN,1,8.316,2.4295,231
173,PANIC|BEAR|NORMAL|SPY_INSUFFICIENT_HISTORY|VIX_UNAVAILABLE,53,50.94,0.351,UNKNOWN,1,25.9868,2.3901,153
174,OVERBOUGHT|SIDEWAYS|NORMAL|BULL|VIX_LOW,1008,56.35,0.18,UNKNOWN,1,25.7031,2.3324,156
175,OVERBOUGHT|BULL|NORMAL|BEAR|VIX_HIGH,61,39.34,-0.887,UNKNOWN,1,-27.3179,2.3224,345
176,MOMENTUM|BEAR|NORMAL|BEAR|VIX_EXTREME,75,58.67,0.435,UNKNOWN,1,12.1412,2.2788,217
177,OVERSOLD|SIDEWAYS|NORMAL|BEAR|VIX_EXTREME,41,63.41,0.813,UNKNOWN,1,1.4064,2.0466,262
178,PANIC|BULL|VOLATILE|BULL|VIX_ELEVATED,1479,49.15,0.111,UNKNOWN,1,43.4026,1.9804,90
179,PANIC|BEAR|VOLATILE|SIDEWAYS|VIX_EXTREME,273,54.58,0.146,UNKNOWN,1,36.8681,1.9521,114
180,MOMENTUM|BEAR|VOLATILE|BULL|VIX_LOW,765,51.11,0.2,UNKNOWN,1,20.536,1.9303,178
181,PANIC|BEAR|VOLATILE|SIDEWAYS|VIX_LOW,129,43.41,-0.633,UNKNOWN,1,-25.1301,1.8844,342
182,MOMENTUM|BEAR|VOLATILE|HIGH_VOL|VIX_EXTREME,114,50.0,-1.001,UNKNOWN,1,-18.4289,1.864,335
183,PANIC|INSUFFICIENT_HISTORY|NORMAL|SPY_INSUFFICIENT_HISTORY|VIX_EXTREME,94,57.45,0.345,UNKNOWN,1,11.9806,1.8474,219
184,OVERSOLD|BULL|NORMAL|BULL|VIX_LOW,44,56.82,0.38,UNKNOWN,1,12.8084,1.7457,216
185,MOMENTUM|BULL|NORMAL|SIDEWAYS|VIX_HIGH,412,52.91,0.136,UNKNOWN,1,32.6854,1.7228,129
186,OVERSOLD|SIDEWAYS|NORMAL|BULL|VIX_LOW,667,52.17,0.237,UNKNOWN,1,12.9245,1.7168,214
187,PANIC|HIGH_VOLATILITY|VOLATILE|BEAR|VIX_EXTREME,258,54.65,0.496,UNKNOWN,1,2.1836,1.7089,258
188,OVERSOLD|SIDEWAYS|NORMAL|SPY_INSUFFICIENT_HISTORY|VIX_UNAVAILABLE,37,45.95,0.681,UNKNOWN,1,5.7406,1.6684,241
189,OVERSOLD|SIDEWAYS|NORMAL|SIDEWAYS|VIX_HIGH,377,54.38,0.23,UNKNOWN,1,13.2666,1.6082,211
190,OVERSOLD|SIDEWAYS|NORMAL|SIDEWAYS|VIX_LOW,59,55.93,0.434,UNKNOWN,1,7.0303,1.5761,239
191,MOMENTUM|BEAR|NORMAL|SPY_INSUFFICIENT_HISTORY|VIX_UNAVAILABLE,60,51.67,0.627,UNKNOWN,1,2.2697,1.5216,255
192,MOMENTUM|BEAR|NORMAL|SIDEWAYS|VIX_LOW,50,56.0,0.856,UNKNOWN,1,-1.4868,1.4941,279
193,MOMENTUM|BULL|NORMAL|BULL|VIX_ELEVATED,1769,52.18,0.078,UNKNOWN,1,40.5326,1.4323,98
194,MOMENTUM|BEAR|VOLATILE|BULL|VIX_HIGH,176,58.52,0.553,UNKNOWN,1,-1.0586,1.3947,277
195,MOMENTUM|BULL|VOLATILE|HIGH_VOL|VIX_EXTREME,86,39.53,-0.847,UNKNOWN,1,-19.9019,1.3787,338
196,OVERBOUGHT|BULL|NORMAL|SIDEWAYS|VIX_ELEVATED,527,47.63,0.134,UNKNOWN,1,26.3404,1.354,151
197,PANIC|SIDEWAYS|VOLATILE|SIDEWAYS|VIX_LOW,217,55.3,0.399,UNKNOWN,1,1.9618,1.3234,261
198,PANIC|INSUFFICIENT_HISTORY|VOLATILE|BULL|VIX_LOW,208,42.31,0.331,UNKNOWN,1,8.6189,1.2972,230
199,MOMENTUM|SIDEWAYS|VOLATILE|BEAR|VIX_HIGH,380,53.16,0.162,UNKNOWN,1,16.6275,1.269,195
200,PANIC|BEAR|VOLATILE|BULL|VIX_ELEVATED,1031,49.37,0.141,UNKNOWN,1,16.7682,1.2041,194
201,MOMENTUM|HIGH_VOLATILITY|VOLATILE|HIGH_VOL|VIX_HIGH,200,56.0,0.105,UNKNOWN,1,29.1433,1.1366,140
202,MOMENTUM|BEAR|NORMAL|BULL|VIX_ELEVATED,381,44.62,-0.466,UNKNOWN,1,-19.8544,1.1344,337
203,MOMENTUM|HIGH_VOLATILITY|VOLATILE|SIDEWAYS|VIX_HIGH,1236,50.16,0.049,UNKNOWN,1,58.2951,1.113,58
204,MOMENTUM|BEAR|VOLATILE|HIGH_VOL|VIX_HIGH,87,54.02,0.194,UNKNOWN,1,15.2994,1.1054,203
205,OVERSOLD|SIDEWAYS|NORMAL|BEAR|VIX_HIGH,47,63.83,1.028,UNKNOWN,1,-5.7823,0.9977,301
206,MOMENTUM|INSUFFICIENT_HISTORY|VOLATILE|SIDEWAYS|VIX_ELEVATED,52,53.85,0.69,UNKNOWN,1,-2.7898,0.9905,287
207,OVERBOUGHT|BULL|NORMAL|SIDEWAYS|VIX_LOW,191,46.07,0.16,UNKNOWN,1,16.3104,0.9495,198
208,OVERSOLD|BEAR|NORMAL|SIDEWAYS|VIX_LOW,93,46.24,-0.787,UNKNOWN,1,-15.9352,0.9138,333
209,PANIC|BEAR|NORMAL|BULL|VIX_HIGH,139,50.36,0.194,UNKNOWN,1,9.8986,0.8946,226
210,PANIC|SIDEWAYS|VOLATILE|BULL|VIX_ELEVATED,2032,50.1,0.069,UNKNOWN,1,26.3258,0.8907,152
211,OVERBOUGHT|BULL|NORMAL|SIDEWAYS|VIX_EXTREME,29,58.62,0.194,UNKNOWN,1,14.5205,0.8832,204
212,PANIC|SIDEWAYS|NORMAL|SIDEWAYS|VIX_LOW,186,52.69,0.187,UNKNOWN,1,7.8058,0.8546,234
213,MOMENTUM|INSUFFICIENT_HISTORY|VOLATILE|SPY_INSUFFICIENT_HISTORY|VIX_EXTREME,149,57.72,-0.305,UNKNOWN,1,-20.3733,0.8521,340
214,MOMENTUM|INSUFFICIENT_HISTORY|VOLATILE|SPY_INSUFFICIENT_HISTORY|VIX_ELEVATED,385,46.75,-0.323,UNKNOWN,1,-20.096,0.8455,339
215,OVERBOUGHT|SIDEWAYS|NORMAL|SIDEWAYS|VIX_LOW,185,51.35,0.126,UNKNOWN,1,15.761,0.8111,201
216,MOMENTUM|BULL|NORMAL|BEAR|VIX_HIGH,101,41.58,-0.899,UNKNOWN,1,-14.8813,0.7858,332
217,MOMENTUM|SIDEWAYS|VOLATILE|SIDEWAYS|VIX_LOW,371,53.91,0.189,UNKNOWN,1,3.801,0.775,246
218,MOMENTUM|BULL|NORMAL|BEAR|VIX_EXTREME,28,53.57,1.007,UNKNOWN,1,-5.5768,0.7482,299
219,MOMENTUM|SIDEWAYS|NORMAL|HIGH_VOL|VIX_HIGH,36,52.78,0.479,UNKNOWN,1,-2.1717,0.6655,284
220,MOMENTUM|HIGH_VOLATILITY|NORMAL|BULL|VIX_ELEVATED,297,44.78,0.164,UNKNOWN,1,6.6812,0.6499,240
221,MOMENTUM|HIGH_VOLATILITY|NORMAL|SIDEWAYS|VIX_HIGH,177,51.98,0.392,UNKNOWN,1,-3.8279,0.6068,288
222,OVERSOLD|SIDEWAYS|NORMAL|BULL|VIX_ELEVATED,513,50.49,0.062,UNKNOWN,1,19.5558,0.5378,185
223,PANIC|BULL|NORMAL|SIDEWAYS|VIX_LOW,118,51.69,0.284,UNKNOWN,1,-2.7566,0.4732,286
224,MOMENTUM|BEAR|VOLATILE|SIDEWAYS|VIX_LOW,97,50.52,0.571,UNKNOWN,1,-6.2795,0.4582,306
225,PANIC|INSUFFICIENT_HISTORY|VOLATILE|SPY_INSUFFICIENT_HISTORY|VIX_ELEVATED,267,46.07,0.346,UNKNOWN,1,-4.5617,0.4513,291
226,PANIC|BULL|VOLATILE|BEAR|VIX_EXTREME,85,44.71,0.137,UNKNOWN,1,7.742,0.4508,236
227,PANIC|BULL|NORMAL|BEAR|VIX_EXTREME,27,40.74,-1.164,UNKNOWN,1,-12.6863,0.3953,328
228,MOMENTUM|BEAR|NORMAL|BULL|VIX_HIGH,73,43.84,0.241,UNKNOWN,1,-0.8102,0.3891,274
229,OVERBOUGHT|SIDEWAYS|NORMAL|SIDEWAYS|VIX_ELEVATED,429,51.05,0.145,UNKNOWN,1,-0.9068,0.3801,276
230,MOMENTUM|BEAR|NORMAL|BULL|VIX_LOW,469,49.25,0.06,UNKNOWN,1,11.9742,0.372,220
231,MOMENTUM|BEAR|NORMAL|SIDEWAYS|VIX_ELEVATED,300,52.67,0.217,UNKNOWN,1,-4.6765,0.3234,293
232,PANIC|SIDEWAYS|NORMAL|BEAR|VIX_HIGH,203,55.17,0.031,UNKNOWN,1,20.5857,0.259,177
233,MOMENTUM|INSUFFICIENT_HISTORY|NORMAL|SPY_INSUFFICIENT_HISTORY|VIX_ELEVATED,210,51.43,0.07,UNKNOWN,1,0.3836,0.1863,267
234,MOMENTUM|BEAR|VOLATILE|BULL|VIX_ELEVATED,717,48.26,0.074,UNKNOWN,1,-1.5774,0.1842,281
235,OVERSOLD|BULL|NORMAL|BULL|VIX_ELEVATED,27,51.85,0.376,UNKNOWN,1,-7.1633,0.1716,309
236,MOMENTUM|BULL|VOLATILE|BEAR|VIX_EXTREME,97,49.48,-0.439,UNKNOWN,1,-11.7345,0.1609,326
237,MOMENTUM|SIDEWAYS|NORMAL|HIGH_VOL|VIX_EXTREME,38,52.63,-0.568,UNKNOWN,1,-11.5636,0.1595,325
238,PANIC|BULL|NORMAL|BEAR|VIX_HIGH,82,47.56,-0.937,UNKNOWN,1,-10.6673,0.1224,322
239,OVERSOLD|BEAR|NORMAL|SPY_INSUFFICIENT_HISTORY|VIX_UNAVAILABLE,46,63.04,0.102,UNKNOWN,1,-5.8317,0.0961,302
240,PANIC|SIDEWAYS|VOLATILE|SPY_INSUFFICIENT_HISTORY|VIX_UNAVAILABLE,159,48.43,-0.455,UNKNOWN,1,-10.9024,0.094,323
241,PANIC|HIGH_VOLATILITY|VOLATILE|BULL|VIX_EXTREME,46,50.0,-0.185,UNKNOWN,1,-11.0281,0.0341,324
242,PANIC|BEAR|VOLATILE|BULL|VIX_LOW,1155,50.56,0.026,UNKNOWN,1,-6.2109,0.0327,305
243,PANIC|BEAR|NORMAL|BULL|VIX_ELEVATED,517,46.03,-0.209,UNKNOWN,1,-10.4984,0.0279,320
244,PANIC|BEAR|NORMAL|BULL|VIX_LOW,668,47.6,-0.223,UNKNOWN,1,-10.3217,0.0207,319
245,MOMENTUM|INSUFFICIENT_HISTORY|VOLATILE|SPY_INSUFFICIENT_HISTORY|VIX_HIGH,933,50.7,0.002,UNKNOWN,1,7.981,0.0116,232
246,PANIC|INSUFFICIENT_HISTORY|NORMAL|SPY_INSUFFICIENT_HISTORY|VIX_ELEVATED,190,44.74,-0.156,UNKNOWN,1,-9.6428,-0.0122,316
247,MOMENTUM|SIDEWAYS|VOLATILE|HIGH_VOL|VIX_HIGH,103,48.54,-0.685,UNKNOWN,1,-9.8819,-0.017,317
248,OVERSOLD|BEAR|NORMAL|BULL|VIX_ELEVATED,399,50.88,-0.009,UNKNOWN,1,2.2038,-0.0312,256
249,PANIC|HIGH_VOLATILITY|NORMAL|BEAR|VIX_EXTREME,34,47.06,-0.522,UNKNOWN,1,-9.2838,-0.0582,314
250,PANIC|BEAR|NORMAL|SIDEWAYS|VIX_EXTREME,54,51.85,-0.007,UNKNOWN,1,33.0943,-0.0584,126
251,PANIC|SIDEWAYS|NORMAL|HIGH_VOL|VIX_HIGH,28,53.57,-0.071,UNKNOWN,1,-4.7211,-0.063,296
252,OVERSOLD|HIGH_VOLATILITY|NORMAL|BEAR|VIX_EXTREME,30,46.67,0.141,UNKNOWN,1,-13.2296,-0.068,330
253,MOMENTUM|BULL|VOLATILE|BEAR|VIX_HIGH,256,49.22,-0.026,UNKNOWN,1,2.937,-0.0855,250
254,PANIC|INSUFFICIENT_HISTORY|VOLATILE|BULL|VIX_ELEVATED,121,45.45,-0.03,UNKNOWN,1,9.612,-0.1196,227
255,PANIC|BEAR|NORMAL|SIDEWAYS|VIX_LOW,74,43.24,-0.388,UNKNOWN,1,-8.1563,-0.1244,311
256,MOMENTUM|HIGH_VOLATILITY|NORMAL|SIDEWAYS|VIX_LOW,26,46.15,-0.179,UNKNOWN,1,-4.0574,-0.1507,289
257,PANIC|INSUFFICIENT_HISTORY|VOLATILE|SIDEWAYS|VIX_ELEVATED,58,37.93,0.149,UNKNOWN,1,-17.2515,-0.1556,334
258,MOMENTUM|INSUFFICIENT_HISTORY|NORMAL|SPY_INSUFFICIENT_HISTORY|VIX_EXTREME,53,54.72,-0.381,UNKNOWN,1,-7.7731,-0.1725,310
259,PANIC|INSUFFICIENT_HISTORY|NORMAL|BULL|VIX_ELEVATED,48,39.58,-0.134,UNKNOWN,1,-0.8856,-0.1752,275
260,OVERSOLD|INSUFFICIENT_HISTORY|NORMAL|SPY_INSUFFICIENT_HISTORY|VIX_ELEVATED,30,26.67,-1.815,UNKNOWN,1,-8.8081,-0.1845,312
261,PANIC|INSUFFICIENT_HISTORY|NORMAL|SPY_INSUFFICIENT_HISTORY|VIX_HIGH,424,51.18,-0.022,UNKNOWN,1,22.3476,-0.2053,170
262,OVERSOLD|BEAR|NORMAL|BEAR|VIX_HIGH,140,50.0,-0.388,UNKNOWN,1,-5.7225,-0.3824,300
263,PANIC|SIDEWAYS|NORMAL|BULL|VIX_ELEVATED,1201,49.04,-0.056,UNKNOWN,1,24.3161,-0.6223,162
264,MOMENTUM|INSUFFICIENT_HISTORY|VOLATILE|BULL|VIX_ELEVATED,119,32.77,-0.331,UNKNOWN,1,3.1784,-0.6373,248
265,MOMENTUM|INSUFFICIENT_HISTORY|NORMAL|BULL|VIX_ELEVATED,35,40.0,1.648,UNKNOWN,1,-13.0127,-0.6627,329
266,PANIC|INSUFFICIENT_HISTORY|VOLATILE|SPY_INSUFFICIENT_HISTORY|VIX_HIGH,805,47.08,-0.133,UNKNOWN,1,7.1343,-0.6686,238
267,PANIC|BEAR|NORMAL|SIDEWAYS|VIX_ELEVATED,452,46.02,-0.141,UNKNOWN,1,8.8598,-0.697,229
268,OVERBOUGHT|SIDEWAYS|NORMAL|BULL|VIX_ELEVATED,625,49.44,-0.104,UNKNOWN,1,13.0042,-0.7093,212
269,OVERBOUGHT|HIGH_VOLATILITY|NORMAL|SIDEWAYS|VIX_ELEVATED,74,39.19,-0.448,UNKNOWN,1,0.5874,-0.7473,265
270,PANIC|SIDEWAYS|NORMAL|BEAR|VIX_EXTREME,82,48.78,-0.348,UNKNOWN,1,2.5537,-0.8769,253
271,MOMENTUM|SIDEWAYS|VOLATILE|BEAR|VIX_ELEVATED,42,47.62,-0.258,UNKNOWN,1,11.5211,-0.9261,222
272,MOMENTUM|SIDEWAYS|NORMAL|BULL|VIX_ELEVATED,1093,48.03,-0.154,UNKNOWN,1,9.267,-0.9286,228
273,MOMENTUM|SIDEWAYS|NORMAL|BEAR|VIX_EXTREME,60,50.0,-0.264,UNKNOWN,1,10.0845,-1.0149,224
274,OVERSOLD|BEAR|NORMAL|BULL|VIX_LOW,514,46.5,-0.262,UNKNOWN,1,5.3656,-1.0885,242
275,PANIC|BEAR|VOLATILE|BEAR|VIX_HIGH,656,46.95,-0.128,UNKNOWN,1,21.7492,-1.1527,172
276,MOMENTUM|BEAR|NORMAL|HIGH_VOL|VIX_EXTREME,33,48.48,-0.988,UNKNOWN,1,-2.5949,-1.1647,285
277,MOMENTUM|SIDEWAYS|VOLATILE|BULL|VIX_ELEVATED,2065,49.15,-0.168,UNKNOWN,1,13.4706,-1.3776,210
278,MOMENTUM|HIGH_VOLATILITY|NORMAL|SIDEWAYS|VIX_EXTREME,52,42.31,-0.682,UNKNOWN,1,20.487,-3.2524,179
279,PANIC|HIGH_VOLATILITY|NORMAL|BEAR|VIX_HIGH,95,47.37,-1.59,UNKNOWN,1,0.2686,-3.2872,268
280,PANIC|HIGH_VOLATILITY|VOLATILE|BEAR|VIX_HIGH,536,46.83,-0.316,UNKNOWN,1,29.8158,-3.4489,136
281,PANIC|INSUFFICIENT_HISTORY|NORMAL|BULL|VIX_LOW,81,38.27,-0.616,UNKNOWN,1,27.2746,-3.6058,148
