StabilityRank,Pattern,Appearances,FirstSeen,LastSeen,AvgRank,BestRank,WorstRank,AvgTrades,AvgWinRate,AvgReturn
1,OVERSOLD|HIGH_VOLATILITY|NORMAL|SIDEWAYS|VIX_EXTREME,13,2026-06-17,2026-06-20,8.85,6,10,6.69,90.11,13.084
2,OVERSOLD|HIGH_VOLATILITY|NORMAL|HIGH_VOL|VIX_EXTREME,13,2026-06-17,2026-06-20,2.69,2,3,32.0,87.34,11.651
3,OVERBOUGHT|HIGH_VOLATILITY|NORMAL|HIGH_VOL|VIX_HIGH,13,2026-06-17,2026-06-20,27.54,26,34,9.54,89.41,11.529
4,OVERSOLD|HIGH_VOLATILITY|NORMAL|SPY_INSUFFICIENT_HISTORY|VIX_UNAVAILABLE,13,2026-06-17,2026-06-20,1.0,1,1,19.85,62.92,11.347
5,OVERBOUGHT|SIDEWAYS|NORMAL|HIGH_VOL|VIX_HIGH,13,2026-06-17,2026-06-20,8.46,7,9,14.23,92.91,9.579
6,MOMENTUM|SIDEWAYS|NORMAL|BULL|VIX_EXTREME,13,2026-06-17,2026-06-20,8.31,8,12,7.31,85.96,9.274
7,MOMENTUM|BULL|NORMAL|BULL|VIX_EXTREME,13,2026-06-17,2026-06-20,2.31,2,3,7.38,72.44,9.019
8,MOMENTUM|INSUFFICIENT_HISTORY|NORMAL|BULL|VIX_LOW,13,2026-06-17,2026-06-20,59.46,4,84,35.69,53.85,6.857
9,MOMENTUM|INSUFFICIENT_HISTORY|VOLATILE|SIDEWAYS|VIX_HIGH,13,2026-06-17,2026-06-20,53.77,15,71,21.69,55.23,5.955
10,MOMENTUM|BULL|VOLATILE|BULL|VIX_EXTREME,13,2026-06-17,2026-06-20,12.31,12,13,25.92,78.41,5.879
11,OVERBOUGHT|SIDEWAYS|NORMAL|SPY_INSUFFICIENT_HISTORY|VIX_UNAVAILABLE,13,2026-06-17,2026-06-20,24.46,24,27,38.0,75.14,5.226
12,OVERBOUGHT|HIGH_VOLATILITY|NORMAL|SIDEWAYS|VIX_HIGH,13,2026-06-17,2026-06-20,75.08,10,265,42.23,57.78,5.009
13,MOMENTUM|INSUFFICIENT_HISTORY|VOLATILE|BULL|VIX_LOW,13,2026-06-17,2026-06-20,21.62,14,25,160.38,49.68,4.996
14,MOMENTUM|SIDEWAYS|VOLATILE|BULL|VIX_EXTREME,13,2026-06-17,2026-06-20,6.31,4,7,17.08,81.24,4.849
15,OVERSOLD|HIGH_VOLATILITY|NORMAL|BULL|VIX_HIGH,13,2026-06-17,2026-06-20,205.38,165,329,13.38,65.59,4.619
16,OVERBOUGHT|BEAR|NORMAL|BEAR|VIX_ELEVATED,13,2026-06-17,2026-06-20,28.85,27,33,7.0,100.0,4.57
17,PANIC|INSUFFICIENT_HISTORY|VOLATILE|BULL|VIX_HIGH,13,2026-06-17,2026-06-20,37.46,16,43,22.46,53.89,4.57
18,PANIC|HIGH_VOLATILITY|VOLATILE|SIDEWAYS|VIX_LOW,13,2026-06-17,2026-06-20,39.54,28,48,162.62,52.85,4.365
19,PANIC|BULL|NORMAL|BULL|VIX_EXTREME,13,2026-06-17,2026-06-20,34.0,23,61,12.08,66.39,4.243
20,PANIC|HIGH_VOLATILITY|VOLATILE|HIGH_VOL|VIX_EXTREME,13,2026-06-17,2026-06-20,45.38,45,47,805.69,69.07,4.141
21,OVERBOUGHT|HIGH_VOLATILITY|NORMAL|BULL|VIX_HIGH,13,2026-06-17,2026-06-20,12.69,9,14,59.46,67.3,4.099
22,MOMENTUM|INSUFFICIENT_HISTORY|VOLATILE|BULL|VIX_HIGH,13,2026-06-17,2026-06-20,288.38,23,317,16.92,62.41,4.081
23,PANIC|BULL|NORMAL|SIDEWAYS|VIX_EXTREME,13,2026-06-17,2026-06-20,55.62,51,57,52.62,77.19,3.746
24,PANIC|HIGH_VOLATILITY|VOLATILE|BULL|VIX_LOW,13,2026-06-17,2026-06-20,29.92,22,33,1793.46,53.67,3.729
25,OVERBOUGHT|SIDEWAYS|NORMAL|SIDEWAYS|VIX_EXTREME,13,2026-06-17,2026-06-20,204.92,163,300,30.31,61.58,3.722
26,MOMENTUM|HIGH_VOLATILITY|VOLATILE|SIDEWAYS|VIX_LOW,13,2026-06-17,2026-06-20,98.08,67,168,175.46,51.08,3.634
27,MOMENTUM|INSUFFICIENT_HISTORY|VOLATILE|SPY_INSUFFICIENT_HISTORY|VIX_UNAVAILABLE,13,2026-06-17,2026-06-20,37.69,25,42,67.46,52.91,3.603
28,PANIC|BULL|VOLATILE|SIDEWAYS|VIX_EXTREME,13,2026-06-17,2026-06-20,71.77,69,72,139.08,69.34,3.337
29,PANIC|HIGH_VOLATILITY|VOLATILE|SIDEWAYS|VIX_EXTREME,13,2026-06-17,2026-06-20,46.38,36,50,404.46,59.14,3.267
30,PANIC|INSUFFICIENT_HISTORY|VOLATILE|SPY_INSUFFICIENT_HISTORY|VIX_UNAVAILABLE,13,2026-06-17,2026-06-20,66.85,53,70,44.46,49.62,3.264
31,OVERSOLD|HIGH_VOLATILITY|NORMAL|SIDEWAYS|VIX_ELEVATED,13,2026-06-17,2026-06-20,117.46,83,246,50.15,68.35,3.257
32,OVERSOLD|SIDEWAYS|NORMAL|SIDEWAYS|VIX_EXTREME,13,2026-06-17,2026-06-20,18.23,18,21,79.46,72.93,3.21
33,MOMENTUM|BEAR|NORMAL|SIDEWAYS|VIX_EXTREME,13,2026-06-17,2026-06-20,228.92,93,289,14.46,69.97,3.18
34,PANIC|BEAR|VOLATILE|BEAR|VIX_EXTREME,13,2026-06-17,2026-06-20,27.92,27,30,362.69,69.54,3.118
35,MOMENTUM|HIGH_VOLATILITY|NORMAL|BEAR|VIX_HIGH,13,2026-06-17,2026-06-20,29.54,18,34,61.15,64.71,2.992
36,MOMENTUM|HIGH_VOLATILITY|VOLATILE|BEAR|VIX_ELEVATED,13,2026-06-17,2026-06-20,79.23,65,115,32.62,64.12,2.978
37,MOMENTUM|HIGH_VOLATILITY|NORMAL|BULL|VIX_LOW,13,2026-06-17,2026-06-20,37.23,35,43,308.38,50.33,2.931
38,MOMENTUM|HIGH_VOLATILITY|VOLATILE|BULL|VIX_LOW,13,2026-06-17,2026-06-20,67.69,50,75,1855.15,51.57,2.883
39,OVERSOLD|BEAR|NORMAL|HIGH_VOL|VIX_HIGH,13,2026-06-17,2026-06-20,50.38,31,59,10.15,77.56,2.881
40,PANIC|SIDEWAYS|NORMAL|SIDEWAYS|VIX_EXTREME,13,2026-06-17,2026-06-20,52.08,49,60,128.62,73.45,2.858
41,OVERSOLD|HIGH_VOLATILITY|NORMAL|BULL|VIX_LOW,13,2026-06-17,2026-06-20,46.54,24,56,80.62,58.36,2.788
42,PANIC|BEAR|VOLATILE|HIGH_VOL|VIX_HIGH,13,2026-06-17,2026-06-20,22.69,20,37,45.92,69.97,2.714
43,PANIC|HIGH_VOLATILITY|NORMAL|HIGH_VOL|VIX_HIGH,13,2026-06-17,2026-06-20,51.15,21,63,23.08,64.74,2.712
44,PANIC|HIGH_VOLATILITY|NORMAL|BULL|VIX_LOW,13,2026-06-17,2026-06-20,103.38,72,113,336.92,55.36,2.678
45,PANIC|INSUFFICIENT_HISTORY|VOLATILE|SIDEWAYS|VIX_HIGH,13,2026-06-17,2026-06-20,147.54,121,262,33.38,53.5,2.661
46,PANIC|HIGH_VOLATILITY|VOLATILE|HIGH_VOL|VIX_HIGH,13,2026-06-17,2026-06-20,54.38,40,104,129.0,62.8,2.657
47,MOMENTUM|BULL|NORMAL|SIDEWAYS|VIX_EXTREME,13,2026-06-17,2026-06-20,43.77,43,44,67.69,65.43,2.611
48,OVERSOLD|BULL|NORMAL|SIDEWAYS|VIX_ELEVATED,13,2026-06-17,2026-06-20,183.31,173,185,9.0,77.78,2.576
49,MOMENTUM|HIGH_VOLATILITY|NORMAL|HIGH_VOL|VIX_HIGH,13,2026-06-17,2026-06-20,66.85,38,79,43.46,70.28,2.575
50,OVERBOUGHT|BULL|NORMAL|SPY_INSUFFICIENT_HISTORY|VIX_UNAVAILABLE,13,2026-06-17,2026-06-20,128.85,85,143,94.85,52.22,2.558
51,MOMENTUM|BEAR|VOLATILE|SIDEWAYS|VIX_EXTREME,13,2026-06-17,2026-06-20,36.85,31,65,92.77,69.13,2.481
52,MOMENTUM|BULL|VOLATILE|HIGH_VOL|VIX_HIGH,13,2026-06-17,2026-06-20,130.38,117,162,45.69,72.07,2.473
53,OVERSOLD|BEAR|NORMAL|BEAR|VIX_EXTREME,13,2026-06-17,2026-06-20,41.0,9,54,42.0,68.99,2.471
54,OVERBOUGHT|HIGH_VOLATILITY|NORMAL|BULL|VIX_LOW,13,2026-06-17,2026-06-20,92.54,89,108,190.62,58.18,2.444
55,MOMENTUM|BULL|VOLATILE|BEAR|VIX_ELEVATED,13,2026-06-17,2026-06-20,39.69,37,47,14.92,73.18,2.431
56,MOMENTUM|SIDEWAYS|NORMAL|SIDEWAYS|VIX_EXTREME,13,2026-06-17,2026-06-20,43.69,39,56,96.85,73.61,2.405
57,OVERBOUGHT|BEAR|NORMAL|HIGH_VOL|VIX_HIGH,13,2026-06-17,2026-06-20,11.0,11,11,5.0,100.0,2.392
58,MOMENTUM|SIDEWAYS|NORMAL|BEAR|VIX_ELEVATED,13,2026-06-17,2026-06-20,54.77,51,97,12.92,69.03,2.366
59,PANIC|BULL|VOLATILE|BULL|VIX_HIGH,13,2026-06-17,2026-06-20,98.77,96,105,636.69,62.51,2.365
60,PANIC|BULL|VOLATILE|BULL|VIX_EXTREME,13,2026-06-17,2026-06-20,35.85,29,55,51.92,57.22,2.305
61,MOMENTUM|SIDEWAYS|VOLATILE|BEAR|VIX_EXTREME,13,2026-06-17,2026-06-20,70.15,57,76,121.0,72.09,2.288
62,PANIC|BULL|VOLATILE|SPY_INSUFFICIENT_HISTORY|VIX_UNAVAILABLE,13,2026-06-17,2026-06-20,87.15,50,98,77.15,55.94,2.286
63,MOMENTUM|HIGH_VOLATILITY|VOLATILE|HIGH_VOL|VIX_EXTREME,13,2026-06-17,2026-06-20,163.69,124,259,855.54,61.35,2.197
64,OVERBOUGHT|HIGH_VOLATILITY|NORMAL|SPY_INSUFFICIENT_HISTORY|VIX_UNAVAILABLE,13,2026-06-17,2026-06-20,62.85,32,139,54.31,56.88,2.19
65,PANIC|BULL|NORMAL|SPY_INSUFFICIENT_HISTORY|VIX_UNAVAILABLE,13,2026-06-17,2026-06-20,85.08,66,129,58.38,63.5,2.189
66,OVERSOLD|HIGH_VOLATILITY|NORMAL|BULL|VIX_ELEVATED,13,2026-06-17,2026-06-20,102.77,19,137,74.08,50.82,2.175
67,PANIC|HIGH_VOLATILITY|NORMAL|SIDEWAYS|VIX_LOW,13,2026-06-17,2026-06-20,21.31,16,37,31.85,58.62,2.174
68,MOMENTUM|BEAR|VOLATILE|BEAR|VIX_EXTREME,13,2026-06-17,2026-06-20,72.31,67,74,198.92,68.08,2.167
69,PANIC|HIGH_VOLATILITY|NORMAL|SIDEWAYS|VIX_HIGH,13,2026-06-17,2026-06-20,126.62,107,173,174.15,56.81,2.133
70,OVERBOUGHT|HIGH_VOLATILITY|NORMAL|BULL|VIX_ELEVATED,13,2026-06-17,2026-06-20,62.92,51,107,115.15,56.81,2.129
71,MOMENTUM|BULL|NORMAL|SPY_INSUFFICIENT_HISTORY|VIX_UNAVAILABLE,13,2026-06-17,2026-06-20,120.92,110,125,88.46,53.21,2.124
72,PANIC|BEAR|NORMAL|SIDEWAYS|VIX_EXTREME,13,2026-06-17,2026-06-20,265.62,261,272,49.85,63.71,2.118
73,PANIC|HIGH_VOLATILITY|NORMAL|SIDEWAYS|VIX_EXTREME,13,2026-06-17,2026-06-20,148.92,86,294,54.62,59.17,2.054
74,MOMENTUM|BULL|VOLATILE|SPY_INSUFFICIENT_HISTORY|VIX_UNAVAILABLE,13,2026-06-17,2026-06-20,57.85,52,74,188.46,51.57,2.048
75,PANIC|HIGH_VOLATILITY|VOLATILE|SPY_INSUFFICIENT_HISTORY|VIX_UNAVAILABLE,13,2026-06-17,2026-06-20,104.23,82,112,356.54,59.3,2.041
76,PANIC|SIDEWAYS|VOLATILE|BULL|VIX_HIGH,13,2026-06-17,2026-06-20,100.31,95,101,656.15,63.34,2.037
77,OVERBOUGHT|BEAR|NORMAL|BULL|VIX_LOW,13,2026-06-17,2026-06-20,47.62,17,118,27.15,45.75,2.023
78,MOMENTUM|BEAR|VOLATILE|BEAR|VIX_ELEVATED,13,2026-06-17,2026-06-20,238.92,164,271,22.62,79.16,2.014
79,PANIC|HIGH_VOLATILITY|NORMAL|BULL|VIX_HIGH,13,2026-06-17,2026-06-20,151.0,64,179,126.38,54.0,2.003
80,PANIC|BEAR|NORMAL|SPY_INSUFFICIENT_HISTORY|VIX_UNAVAILABLE,13,2026-06-17,2026-06-20,189.92,150,210,44.31,57.35,1.973
81,PANIC|BEAR|NORMAL|BEAR|VIX_EXTREME,13,2026-06-17,2026-06-20,82.77,68,87,105.46,73.53,1.966
82,MOMENTUM|BULL|NORMAL|BEAR|VIX_ELEVATED,13,2026-06-17,2026-06-20,102.46,81,110,9.69,58.63,1.919
83,OVERBOUGHT|SIDEWAYS|NORMAL|BEAR|VIX_HIGH,13,2026-06-17,2026-06-20,139.62,109,152,73.38,68.59,1.915
84,OVERSOLD|BEAR|NORMAL|SIDEWAYS|VIX_HIGH,13,2026-06-17,2026-06-20,84.46,75,88,203.92,64.14,1.898
85,PANIC|HIGH_VOLATILITY|VOLATILE|BULL|VIX_HIGH,13,2026-06-17,2026-06-20,86.15,54,99,652.38,53.22,1.882
86,OVERSOLD|BEAR|NORMAL|SIDEWAYS|VIX_EXTREME,13,2026-06-17,2026-06-20,41.69,16,53,39.0,68.47,1.869
87,OVERBOUGHT|SIDEWAYS|NORMAL|BEAR|VIX_ELEVATED,13,2026-06-17,2026-06-20,104.77,91,189,11.92,83.21,1.846
88,OVERBOUGHT|HIGH_VOLATILITY|NORMAL|HIGH_VOL|VIX_EXTREME,13,2026-06-17,2026-06-20,74.92,32,94,27.62,71.06,1.841
89,MOMENTUM|BULL|VOLATILE|BULL|VIX_HIGH,13,2026-06-17,2026-06-20,103.69,95,125,994.31,56.86,1.839
90,MOMENTUM|BEAR|VOLATILE|SIDEWAYS|VIX_HIGH,13,2026-06-17,2026-06-20,160.15,142,180,503.69,61.24,1.82
91,PANIC|HIGH_VOLATILITY|NORMAL|HIGH_VOL|VIX_EXTREME,13,2026-06-17,2026-06-20,115.54,92,122,91.62,62.47,1.762
92,OVERSOLD|HIGH_VOLATILITY|NORMAL|SIDEWAYS|VIX_HIGH,13,2026-06-17,2026-06-20,73.31,44,119,32.69,56.39,1.693
93,MOMENTUM|BULL|NORMAL|HIGH_VOL|VIX_HIGH,13,2026-06-17,2026-06-20,111.92,106,126,22.69,60.32,1.667
94,OVERBOUGHT|SIDEWAYS|NORMAL|BULL|VIX_HIGH,13,2026-06-17,2026-06-20,165.08,140,227,76.31,63.67,1.562
95,OVERBOUGHT|BULL|NORMAL|SIDEWAYS|VIX_HIGH,13,2026-06-17,2026-06-20,174.77,167,194,302.15,68.62,1.547
96,PANIC|SIDEWAYS|VOLATILE|BEAR|VIX_EXTREME,13,2026-06-17,2026-06-20,102.62,76,114,224.08,62.33,1.533
97,OVERSOLD|BEAR|NORMAL|BULL|VIX_HIGH,13,2026-06-17,2026-06-20,40.31,38,41,66.23,59.89,1.517
98,MOMENTUM|HIGH_VOLATILITY|NORMAL|SIDEWAYS|VIX_EXTREME,13,2026-06-17,2026-06-20,315.08,315,316,46.92,58.57,1.493
99,OVERBOUGHT|BULL|NORMAL|BULL|VIX_HIGH,13,2026-06-17,2026-06-20,134.31,122,166,409.69,58.25,1.473
100,PANIC|SIDEWAYS|VOLATILE|BULL|VIX_EXTREME,13,2026-06-17,2026-06-20,52.85,45,55,39.54,54.66,1.472
101,MOMENTUM|BULL|NORMAL|BULL|VIX_HIGH,13,2026-06-17,2026-06-20,119.31,111,123,421.0,61.07,1.466
102,MOMENTUM|SIDEWAYS|NORMAL|SPY_INSUFFICIENT_HISTORY|VIX_UNAVAILABLE,13,2026-06-17,2026-06-20,126.08,106,135,92.62,54.58,1.454
103,MOMENTUM|BEAR|NORMAL|SIDEWAYS|VIX_HIGH,13,2026-06-17,2026-06-20,150.31,136,161,223.77,58.92,1.444
104,MOMENTUM|HIGH_VOLATILITY|VOLATILE|BULL|VIX_ELEVATED,13,2026-06-17,2026-06-20,155.15,112,172,1613.08,47.56,1.441
105,MOMENTUM|HIGH_VOLATILITY|NORMAL|SPY_INSUFFICIENT_HISTORY|VIX_UNAVAILABLE,13,2026-06-17,2026-06-20,106.46,80,118,83.38,54.96,1.434
106,PANIC|SIDEWAYS|VOLATILE|SIDEWAYS|VIX_EXTREME,13,2026-06-17,2026-06-20,68.08,60,71,504.77,65.53,1.412
107,PANIC|SIDEWAYS|VOLATILE|HIGH_VOL|VIX_HIGH,13,2026-06-17,2026-06-20,84.08,70,89,58.54,58.09,1.406
108,MOMENTUM|BULL|VOLATILE|SIDEWAYS|VIX_EXTREME,13,2026-06-17,2026-06-20,93.08,86,96,174.15,57.09,1.394
109,MOMENTUM|HIGH_VOLATILITY|NORMAL|BULL|VIX_HIGH,13,2026-06-17,2026-06-20,222.69,200,282,86.0,50.29,1.388
110,OVERSOLD|SIDEWAYS|NORMAL|SIDEWAYS|VIX_ELEVATED,13,2026-06-17,2026-06-20,141.46,135,151,510.38,62.55,1.374
111,MOMENTUM|SIDEWAYS|VOLATILE|SIDEWAYS|VIX_HIGH,13,2026-06-17,2026-06-20,205.85,202,215,1213.23,59.93,1.368
112,PANIC|HIGH_VOLATILITY|NORMAL|SPY_INSUFFICIENT_HISTORY|VIX_UNAVAILABLE,13,2026-06-17,2026-06-20,192.31,182,226,82.69,50.95,1.359
113,MOMENTUM|BEAR|NORMAL|BEAR|VIX_ELEVATED,13,2026-06-17,2026-06-20,207.85,124,285,17.08,70.26,1.357
114,PANIC|SIDEWAYS|NORMAL|SIDEWAYS|VIX_HIGH,13,2026-06-17,2026-06-20,107.54,104,109,746.85,61.02,1.354
115,MOMENTUM|HIGH_VOLATILITY|NORMAL|SIDEWAYS|VIX_ELEVATED,13,2026-06-17,2026-06-20,116.46,105,146,132.62,55.08,1.34
116,PANIC|BEAR|NORMAL|BEAR|VIX_HIGH,13,2026-06-17,2026-06-20,173.15,127,188,212.69,61.17,1.314
117,PANIC|HIGH_VOLATILITY|VOLATILE|BULL|VIX_ELEVATED,13,2026-06-17,2026-06-20,113.0,63,134,1515.92,47.14,1.275
118,PANIC|BULL|VOLATILE|HIGH_VOL|VIX_HIGH,13,2026-06-17,2026-06-20,76.46,61,81,15.15,71.25,1.268
119,OVERBOUGHT|BULL|NORMAL|SIDEWAYS|VIX_EXTREME,13,2026-06-17,2026-06-20,231.92,229,249,28.92,61.97,1.261
120,OVERBOUGHT|INSUFFICIENT_HISTORY|NORMAL|SPY_INSUFFICIENT_HISTORY|VIX_HIGH,13,2026-06-17,2026-06-20,169.31,154,175,257.08,64.77,1.217
121,PANIC|BULL|NORMAL|BULL|VIX_HIGH,13,2026-06-17,2026-06-20,219.54,209,250,388.69,60.29,1.216
122,MOMENTUM|SIDEWAYS|NORMAL|BEAR|VIX_HIGH,13,2026-06-17,2026-06-20,216.0,203,228,195.85,59.79,1.199
123,MOMENTUM|SIDEWAYS|NORMAL|SIDEWAYS|VIX_HIGH,13,2026-06-17,2026-06-20,178.38,160,186,641.38,61.81,1.192
124,PANIC|BEAR|VOLATILE|SIDEWAYS|VIX_EXTREME,13,2026-06-17,2026-06-20,195.69,87,243,246.92,56.48,1.178
125,MOMENTUM|SIDEWAYS|VOLATILE|SIDEWAYS|VIX_ELEVATED,13,2026-06-17,2026-06-20,125.0,113,130,1383.77,59.28,1.172
126,MOMENTUM|BULL|NORMAL|HIGH_VOL|VIX_EXTREME,13,2026-06-17,2026-06-20,108.77,102,111,27.69,61.12,1.157
127,OVERSOLD|BULL|NORMAL|BULL|VIX_LOW,13,2026-06-17,2026-06-20,176.69,135,193,41.38,50.23,1.153
128,PANIC|BULL|NORMAL|SIDEWAYS|VIX_ELEVATED,13,2026-06-17,2026-06-20,170.54,153,172,491.54,59.69,1.152
129,MOMENTUM|BULL|VOLATILE|SIDEWAYS|VIX_LOW,13,2026-06-17,2026-06-20,117.46,90,129,261.62,59.2,1.136
130,MOMENTUM|SIDEWAYS|VOLATILE|SPY_INSUFFICIENT_HISTORY|VIX_UNAVAILABLE,13,2026-06-17,2026-06-20,142.08,120,151,180.92,52.96,1.131
131,MOMENTUM|HIGH_VOLATILITY|VOLATILE|SPY_INSUFFICIENT_HISTORY|VIX_UNAVAILABLE,13,2026-06-17,2026-06-20,159.38,146,196,424.62,47.05,1.107
132,MOMENTUM|HIGH_VOLATILITY|VOLATILE|HIGH_VOL|VIX_HIGH,13,2026-06-17,2026-06-20,240.23,211,252,183.46,56.21,1.097
133,PANIC|HIGH_VOLATILITY|VOLATILE|SIDEWAYS|VIX_ELEVATED,13,2026-06-17,2026-06-20,182.23,160,238,920.77,51.72,1.086
134,PANIC|BEAR|NORMAL|HIGH_VOL|VIX_HIGH,13,2026-06-17,2026-06-20,43.38,34,47,32.69,60.28,1.082
135,PANIC|BEAR|VOLATILE|SPY_INSUFFICIENT_HISTORY|VIX_UNAVAILABLE,13,2026-06-17,2026-06-20,66.15,48,119,82.46,56.16,1.08
136,OVERSOLD|HIGH_VOLATILITY|NORMAL|BEAR|VIX_HIGH,13,2026-06-17,2026-06-20,51.46,24,58,19.15,32.31,1.059
137,PANIC|INSUFFICIENT_HISTORY|VOLATILE|SPY_INSUFFICIENT_HISTORY|VIX_EXTREME,13,2026-06-17,2026-06-20,139.0,118,148,318.23,57.08,1.057
138,OVERBOUGHT|BULL|NORMAL|BULL|VIX_ELEVATED,13,2026-06-17,2026-06-20,200.54,186,219,1893.15,60.49,1.055
139,OVERBOUGHT|BULL|NORMAL|HIGH_VOL|VIX_HIGH,13,2026-06-17,2026-06-20,94.0,93,97,18.69,73.23,1.043
140,PANIC|HIGH_VOLATILITY|NORMAL|BULL|VIX_ELEVATED,13,2026-06-17,2026-06-20,198.54,145,218,256.08,51.15,1.024
141,MOMENTUM|BULL|VOLATILE|SIDEWAYS|VIX_ELEVATED,13,2026-06-17,2026-06-20,150.54,143,159,1091.92,57.14,1.011
142,OVERBOUGHT|INSUFFICIENT_HISTORY|NORMAL|SPY_INSUFFICIENT_HISTORY|VIX_ELEVATED,13,2026-06-17,2026-06-20,162.69,138,169,271.31,70.01,1.008
143,OVERBOUGHT|SIDEWAYS|NORMAL|SIDEWAYS|VIX_HIGH,13,2026-06-17,2026-06-20,182.23,178,197,264.69,65.75,1.002
144,PANIC|SIDEWAYS|VOLATILE|SIDEWAYS|VIX_ELEVATED,13,2026-06-17,2026-06-20,135.15,122,138,1525.15,57.29,0.996
145,MOMENTUM|BEAR|NORMAL|BEAR|VIX_HIGH,13,2026-06-17,2026-06-20,199.31,165,224,180.77,59.63,0.986
146,PANIC|SIDEWAYS|VOLATILE|BEAR|VIX_HIGH,13,2026-06-17,2026-06-20,180.31,152,191,401.85,56.12,0.985
147,MOMENTUM|HIGH_VOLATILITY|VOLATILE|SIDEWAYS|VIX_HIGH,13,2026-06-17,2026-06-20,268.92,261,286,1131.23,52.6,0.985
148,PANIC|BULL|VOLATILE|SIDEWAYS|VIX_LOW,13,2026-06-17,2026-06-20,92.69,59,103,110.38,55.41,0.97
149,PANIC|SIDEWAYS|NORMAL|SIDEWAYS|VIX_ELEVATED,13,2026-06-17,2026-06-20,150.46,136,153,863.92,56.93,0.962
150,MOMENTUM|SIDEWAYS|NORMAL|SIDEWAYS|VIX_ELEVATED,13,2026-06-17,2026-06-20,133.23,113,142,810.31,60.65,0.958
151,MOMENTUM|BULL|VOLATILE|SIDEWAYS|VIX_HIGH,13,2026-06-17,2026-06-20,165.54,156,190,781.77,55.71,0.932
152,MOMENTUM|BEAR|VOLATILE|BEAR|VIX_HIGH,13,2026-06-17,2026-06-20,222.08,220,223,382.92,55.26,0.932
153,MOMENTUM|BULL|VOLATILE|BULL|VIX_LOW,13,2026-06-17,2026-06-20,173.54,159,207,3714.85,53.49,0.929
154,MOMENTUM|BEAR|VOLATILE|SIDEWAYS|VIX_ELEVATED,13,2026-06-17,2026-06-20,144.85,110,158,472.31,54.93,0.912
155,MOMENTUM|HIGH_VOLATILITY|NORMAL|HIGH_VOL|VIX_EXTREME,13,2026-06-17,2026-06-20,140.38,131,171,67.77,54.69,0.91
156,MOMENTUM|BULL|NORMAL|SIDEWAYS|VIX_ELEVATED,13,2026-06-17,2026-06-20,181.92,177,184,643.62,57.85,0.894
157,MOMENTUM|INSUFFICIENT_HISTORY|NORMAL|SPY_INSUFFICIENT_HISTORY|VIX_HIGH,13,2026-06-17,2026-06-20,188.85,181,190,382.0,60.02,0.893
158,MOMENTUM|BULL|VOLATILE|BULL|VIX_ELEVATED,13,2026-06-17,2026-06-20,186.77,182,200,2777.77,55.05,0.891
159,PANIC|BEAR|VOLATILE|BULL|VIX_HIGH,13,2026-06-17,2026-06-20,108.69,83,120,266.23,50.5,0.89
160,OVERSOLD|INSUFFICIENT_HISTORY|NORMAL|SPY_INSUFFICIENT_HISTORY|VIX_HIGH,13,2026-06-17,2026-06-20,194.08,192,204,124.31,55.01,0.888
161,MOMENTUM|HIGH_VOLATILITY|VOLATILE|BULL|VIX_HIGH,13,2026-06-17,2026-06-20,218.23,210,241,686.15,46.49,0.888
162,PANIC|BULL|VOLATILE|SIDEWAYS|VIX_HIGH,13,2026-06-17,2026-06-20,149.85,141,153,643.31,57.92,0.867
163,MOMENTUM|SIDEWAYS|VOLATILE|BULL|VIX_HIGH,13,2026-06-17,2026-06-20,139.54,126,174,502.15,50.55,0.849
164,MOMENTUM|SIDEWAYS|VOLATILE|BEAR|VIX_ELEVATED,13,2026-06-17,2026-06-20,238.31,123,288,39.15,61.4,0.848
165,PANIC|BULL|NORMAL|SIDEWAYS|VIX_HIGH,13,2026-06-17,2026-06-20,201.85,195,221,385.31,57.51,0.84
166,PANIC|BEAR|NORMAL|SIDEWAYS|VIX_HIGH,13,2026-06-17,2026-06-20,202.23,163,217,358.0,56.64,0.834
167,OVERSOLD|INSUFFICIENT_HISTORY|NORMAL|SPY_INSUFFICIENT_HISTORY|VIX_EXTREME,13,2026-06-17,2026-06-20,83.08,63,91,44.62,51.32,0.832
168,MOMENTUM|BULL|NORMAL|SIDEWAYS|VIX_HIGH,13,2026-06-17,2026-06-20,252.85,248,267,395.0,58.52,0.824
169,PANIC|SIDEWAYS|VOLATILE|SIDEWAYS|VIX_HIGH,13,2026-06-17,2026-06-20,160.15,132,171,1835.85,57.29,0.815
170,PANIC|BULL|VOLATILE|SIDEWAYS|VIX_ELEVATED,13,2026-06-17,2026-06-20,200.92,193,210,619.69,56.87,0.815
171,PANIC|BULL|NORMAL|BULL|VIX_LOW,13,2026-06-17,2026-06-20,161.77,155,179,1507.0,55.79,0.815
172,PANIC|BULL|VOLATILE|BULL|VIX_LOW,13,2026-06-17,2026-06-20,221.31,213,243,1617.15,52.23,0.772
173,PANIC|HIGH_VOLATILITY|NORMAL|SIDEWAYS|VIX_ELEVATED,13,2026-06-17,2026-06-20,89.0,80,116,146.77,50.71,0.771
174,PANIC|INSUFFICIENT_HISTORY|VOLATILE|BULL|VIX_ELEVATED,13,2026-06-17,2026-06-20,236.46,121,281,101.08,35.58,0.765
175,MOMENTUM|BEAR|VOLATILE|HIGH_VOL|VIX_HIGH,13,2026-06-17,2026-06-20,218.46,179,232,83.31,63.36,0.759
176,PANIC|HIGH_VOLATILITY|VOLATILE|BEAR|VIX_HIGH,13,2026-06-17,2026-06-20,272.54,177,295,490.46,52.29,0.728
177,OVERSOLD|INSUFFICIENT_HISTORY|NORMAL|SIDEWAYS|VIX_ELEVATED,13,2026-06-17,2026-06-20,299.38,292,301,9.85,53.08,0.725
178,PANIC|INSUFFICIENT_HISTORY|NORMAL|SPY_INSUFFICIENT_HISTORY|VIX_EXTREME,13,2026-06-17,2026-06-20,189.08,138,208,88.54,50.96,0.71
179,PANIC|SIDEWAYS|NORMAL|BEAR|VIX_HIGH,13,2026-06-17,2026-06-20,251.92,225,263,193.38,61.3,0.691
180,MOMENTUM|SIDEWAYS|NORMAL|BEAR|VIX_EXTREME,13,2026-06-17,2026-06-20,248.38,147,291,55.23,52.83,0.686
181,OVERSOLD|BEAR|NORMAL|SIDEWAYS|VIX_ELEVATED,13,2026-06-17,2026-06-20,145.62,95,166,359.92,54.06,0.681
182,MOMENTUM|BEAR|NORMAL|BEAR|VIX_EXTREME,13,2026-06-17,2026-06-20,168.92,143,180,70.31,62.57,0.669
183,PANIC|SIDEWAYS|NORMAL|BULL|VIX_HIGH,13,2026-06-17,2026-06-20,149.31,126,157,328.31,55.35,0.665
184,MOMENTUM|SIDEWAYS|NORMAL|SIDEWAYS|VIX_LOW,13,2026-06-17,2026-06-20,142.69,141,151,240.54,56.95,0.655
185,PANIC|BULL|VOLATILE|BULL|VIX_ELEVATED,13,2026-06-17,2026-06-20,256.54,251,271,1372.69,52.64,0.655
186,MOMENTUM|SIDEWAYS|NORMAL|BULL|VIX_HIGH,13,2026-06-17,2026-06-20,198.23,154,205,243.38,50.83,0.639
187,OVERSOLD|SIDEWAYS|NORMAL|SPY_INSUFFICIENT_HISTORY|VIX_UNAVAILABLE,13,2026-06-17,2026-06-20,140.23,128,145,34.85,46.26,0.607
188,PANIC|SIDEWAYS|NORMAL|SPY_INSUFFICIENT_HISTORY|VIX_UNAVAILABLE,13,2026-06-17,2026-06-20,80.0,77,88,59.77,48.86,0.605
189,OVERBOUGHT|BULL|NORMAL|SIDEWAYS|VIX_ELEVATED,13,2026-06-17,2026-06-20,250.31,249,257,500.62,56.86,0.604
190,MOMENTUM|SIDEWAYS|VOLATILE|SIDEWAYS|VIX_EXTREME,13,2026-06-17,2026-06-20,141.69,128,181,297.38,61.0,0.601
191,MOMENTUM|HIGH_VOLATILITY|VOLATILE|SIDEWAYS|VIX_ELEVATED,13,2026-06-17,2026-06-20,137.38,133,149,968.92,50.31,0.601
192,PANIC|INSUFFICIENT_HISTORY|NORMAL|SPY_INSUFFICIENT_HISTORY|VIX_HIGH,13,2026-06-17,2026-06-20,266.15,256,268,399.31,54.82,0.589
193,OVERBOUGHT|BULL|NORMAL|SIDEWAYS|VIX_LOW,13,2026-06-17,2026-06-20,232.92,217,240,184.38,59.12,0.586
194,MOMENTUM|SIDEWAYS|VOLATILE|BULL|VIX_LOW,13,2026-06-17,2026-06-20,209.69,206,221,2154.23,53.96,0.566
195,MOMENTUM|HIGH_VOLATILITY|VOLATILE|BEAR|VIX_HIGH,13,2026-06-17,2026-06-20,200.23,144,212,408.15,52.32,0.557
196,PANIC|SIDEWAYS|VOLATILE|BULL|VIX_LOW,13,2026-06-17,2026-06-20,190.31,175,197,1914.38,52.17,0.554
197,PANIC|BEAR|VOLATILE|SIDEWAYS|VIX_ELEVATED,13,2026-06-17,2026-06-20,219.69,201,226,764.38,54.1,0.538
198,MOMENTUM|SIDEWAYS|NORMAL|BULL|VIX_LOW,13,2026-06-17,2026-06-20,222.62,200,230,1369.92,54.03,0.532
199,MOMENTUM|BULL|NORMAL|BULL|VIX_ELEVATED,13,2026-06-17,2026-06-20,256.69,253,262,1701.92,54.95,0.52
200,OVERBOUGHT|SIDEWAYS|NORMAL|SIDEWAYS|VIX_LOW,13,2026-06-17,2026-06-20,227.08,170,250,174.08,64.81,0.515
201,MOMENTUM|BULL|NORMAL|BULL|VIX_LOW,13,2026-06-17,2026-06-20,217.08,211,231,2594.69,54.08,0.507
202,PANIC|BEAR|NORMAL|BULL|VIX_HIGH,13,2026-06-17,2026-06-20,210.08,154,233,128.15,50.36,0.502
203,PANIC|BEAR|VOLATILE|BEAR|VIX_HIGH,13,2026-06-17,2026-06-20,274.31,260,276,610.46,51.6,0.491
204,MOMENTUM|HIGH_VOLATILITY|NORMAL|BEAR|VIX_ELEVATED,13,2026-06-17,2026-06-20,289.08,275,321,6.38,67.91,0.484
205,OVERSOLD|SIDEWAYS|NORMAL|BULL|VIX_ELEVATED,13,2026-06-17,2026-06-20,237.92,188,259,480.62,52.59,0.482
206,PANIC|BULL|VOLATILE|BEAR|VIX_EXTREME,13,2026-06-17,2026-06-20,254.08,247,270,78.15,57.06,0.464
207,PANIC|INSUFFICIENT_HISTORY|VOLATILE|BULL|VIX_LOW,13,2026-06-17,2026-06-20,162.77,58,207,156.92,44.34,0.457
208,OVERBOUGHT|BULL|NORMAL|BULL|VIX_LOW,13,2026-06-17,2026-06-20,229.54,228,235,4060.0,55.99,0.453
209,MOMENTUM|SIDEWAYS|VOLATILE|BEAR|VIX_HIGH,13,2026-06-17,2026-06-20,231.08,211,239,358.92,56.37,0.447
210,PANIC|BULL|NORMAL|HIGH_VOL|VIX_HIGH,13,2026-06-17,2026-06-20,218.31,162,241,8.69,46.15,0.446
211,PANIC|BEAR|VOLATILE|SIDEWAYS|VIX_HIGH,13,2026-06-17,2026-06-20,177.31,176,184,844.62,54.54,0.442
212,MOMENTUM|BEAR|VOLATILE|BULL|VIX_LOW,13,2026-06-17,2026-06-20,234.54,223,255,689.62,53.68,0.427
213,OVERBOUGHT|SIDEWAYS|NORMAL|BULL|VIX_LOW,13,2026-06-17,2026-06-20,224.0,191,236,972.38,56.69,0.414
214,PANIC|BULL|NORMAL|BULL|VIX_ELEVATED,13,2026-06-17,2026-06-20,218.08,201,230,1116.0,50.14,0.404
215,OVERSOLD|SIDEWAYS|NORMAL|SIDEWAYS|VIX_LOW,13,2026-06-17,2026-06-20,176.15,160,181,58.69,65.92,0.402
216,PANIC|HIGH_VOLATILITY|VOLATILE|SIDEWAYS|VIX_HIGH,13,2026-06-17,2026-06-20,179.0,174,206,1110.54,51.75,0.402
217,PANIC|SIDEWAYS|NORMAL|BULL|VIX_ELEVATED,13,2026-06-17,2026-06-20,265.08,248,272,1119.92,51.76,0.401
218,OVERSOLD|SIDEWAYS|NORMAL|SIDEWAYS|VIX_HIGH,13,2026-06-17,2026-06-20,222.38,218,225,363.15,53.84,0.377
219,PANIC|SIDEWAYS|VOLATILE|BULL|VIX_ELEVATED,13,2026-06-17,2026-06-20,247.85,214,258,1856.0,49.44,0.355
220,OVERSOLD|SIDEWAYS|NORMAL|BULL|VIX_HIGH,13,2026-06-17,2026-06-20,109.0,93,115,119.0,55.06,0.353
221,PANIC|SIDEWAYS|NORMAL|BULL|VIX_LOW,13,2026-06-17,2026-06-20,213.0,195,218,1337.62,51.98,0.323
222,PANIC|SIDEWAYS|NORMAL|SIDEWAYS|VIX_LOW,13,2026-06-17,2026-06-20,229.31,213,235,176.15,53.18,0.322
223,PANIC|BEAR|VOLATILE|BULL|VIX_ELEVATED,13,2026-06-17,2026-06-20,233.08,196,245,906.62,51.26,0.309
224,MOMENTUM|BEAR|NORMAL|BULL|VIX_LOW,13,2026-06-17,2026-06-20,253.69,240,260,437.69,53.93,0.306
225,MOMENTUM|BULL|NORMAL|SIDEWAYS|VIX_LOW,13,2026-06-17,2026-06-20,163.08,132,176,194.0,57.73,0.299
226,OVERBOUGHT|SIDEWAYS|NORMAL|BULL|VIX_ELEVATED,13,2026-06-17,2026-06-20,264.85,240,274,581.77,52.34,0.295
227,OVERSOLD|SIDEWAYS|NORMAL|BULL|VIX_LOW,13,2026-06-17,2026-06-20,224.15,221,233,634.85,52.28,0.287
228,PANIC|SIDEWAYS|NORMAL|BULL|VIX_EXTREME,13,2026-06-17,2026-06-20,160.92,132,232,15.31,52.04,0.283
229,MOMENTUM|HIGH_VOLATILITY|NORMAL|BULL|VIX_ELEVATED,13,2026-06-17,2026-06-20,207.54,141,237,258.0,48.58,0.258
230,PANIC|BEAR|NORMAL|SIDEWAYS|VIX_ELEVATED,13,2026-06-17,2026-06-20,272.54,255,279,408.77,54.23,0.227
231,MOMENTUM|INSUFFICIENT_HISTORY|VOLATILE|BULL|VIX_ELEVATED,13,2026-06-17,2026-06-20,234.46,78,297,101.23,38.54,0.206
232,MOMENTUM|SIDEWAYS|VOLATILE|BULL|VIX_ELEVATED,13,2026-06-17,2026-06-20,278.23,268,282,1886.0,50.74,0.175
233,MOMENTUM|SIDEWAYS|NORMAL|BULL|VIX_ELEVATED,13,2026-06-17,2026-06-20,275.85,264,281,1024.62,48.96,0.168
234,MOMENTUM|BEAR|NORMAL|SPY_INSUFFICIENT_HISTORY|VIX_UNAVAILABLE,13,2026-06-17,2026-06-20,146.23,133,167,52.77,58.14,0.157
235,PANIC|INSUFFICIENT_HISTORY|VOLATILE|SPY_INSUFFICIENT_HISTORY|VIX_HIGH,13,2026-06-17,2026-06-20,275.15,265,277,761.54,50.87,0.146
236,MOMENTUM|INSUFFICIENT_HISTORY|VOLATILE|SPY_INSUFFICIENT_HISTORY|VIX_HIGH,13,2026-06-17,2026-06-20,258.62,236,265,886.62,53.82,0.143
237,OVERSOLD|BEAR|NORMAL|BULL|VIX_LOW,13,2026-06-17,2026-06-20,278.38,247,290,459.69,47.94,0.142
238,PANIC|BEAR|VOLATILE|BULL|VIX_EXTREME,13,2026-06-17,2026-06-20,246.46,224,298,12.38,59.39,0.13
239,MOMENTUM|BULL|VOLATILE|BEAR|VIX_HIGH,13,2026-06-17,2026-06-20,269.54,267,272,236.77,53.22,0.128
240,PANIC|SIDEWAYS|NORMAL|BEAR|VIX_EXTREME,13,2026-06-17,2026-06-20,274.85,216,299,76.77,57.3,0.123
241,MOMENTUM|BEAR|NORMAL|HIGH_VOL|VIX_HIGH,13,2026-06-17,2026-06-20,67.54,63,69,29.15,53.01,0.122
242,MOMENTUM|SIDEWAYS|VOLATILE|SIDEWAYS|VIX_LOW,13,2026-06-17,2026-06-20,226.62,202,234,344.08,52.5,0.112
243,OVERSOLD|HIGH_VOLATILITY|NORMAL|HIGH_VOL|VIX_HIGH,13,2026-06-17,2026-06-20,62.54,36,73,8.31,50.92,0.107
244,PANIC|HIGH_VOLATILITY|VOLATILE|BEAR|VIX_EXTREME,13,2026-06-17,2026-06-20,167.08,159,170,235.46,54.27,0.084
245,OVERSOLD|SIDEWAYS|NORMAL|BEAR|VIX_EXTREME,13,2026-06-17,2026-06-20,143.46,127,183,37.92,64.74,0.082
246,PANIC|SIDEWAYS|VOLATILE|SIDEWAYS|VIX_LOW,13,2026-06-17,2026-06-20,194.0,187,212,201.31,52.68,0.082
247,OVERSOLD|BEAR|NORMAL|BULL|VIX_ELEVATED,13,2026-06-17,2026-06-20,241.77,180,267,345.85,54.46,0.053
248,OVERBOUGHT|HIGH_VOLATILITY|NORMAL|SIDEWAYS|VIX_ELEVATED,13,2026-06-17,2026-06-20,263.38,76,306,67.0,46.98,0.018
249,MOMENTUM|INSUFFICIENT_HISTORY|NORMAL|SPY_INSUFFICIENT_HISTORY|VIX_ELEVATED,13,2026-06-17,2026-06-20,245.85,212,257,199.69,52.32,0.01
250,PANIC|HIGH_VOLATILITY|NORMAL|BEAR|VIX_HIGH,13,2026-06-17,2026-06-20,329.62,310,338,82.54,50.29,-0.016
251,OVERBOUGHT|SIDEWAYS|NORMAL|SIDEWAYS|VIX_ELEVATED,13,2026-06-17,2026-06-20,241.15,194,249,405.69,54.23,-0.025
252,OVERBOUGHT|BULL|NORMAL|HIGH_VOL|VIX_EXTREME,13,2026-06-17,2026-06-20,240.31,102,254,8.85,45.42,-0.037
253,MOMENTUM|BEAR|VOLATILE|SPY_INSUFFICIENT_HISTORY|VIX_UNAVAILABLE,13,2026-06-17,2026-06-20,76.92,54,85,71.77,46.48,-0.039
254,MOMENTUM|BEAR|VOLATILE|BULL|VIX_ELEVATED,13,2026-06-17,2026-06-20,255.31,231,263,631.15,44.5,-0.041
255,MOMENTUM|BEAR|VOLATILE|BULL|VIX_HIGH,13,2026-06-17,2026-06-20,151.69,128,162,162.77,49.03,-0.053
256,MOMENTUM|BEAR|NORMAL|BULL|VIX_HIGH,13,2026-06-17,2026-06-20,207.54,157,220,68.85,42.2,-0.076
257,PANIC|BULL|VOLATILE|HIGH_VOL|VIX_EXTREME,13,2026-06-17,2026-06-20,79.54,62,82,46.85,64.52,-0.08
258,MOMENTUM|BEAR|NORMAL|SIDEWAYS|VIX_LOW,13,2026-06-17,2026-06-20,158.92,119,250,46.77,43.33,-0.112
259,PANIC|BEAR|VOLATILE|BULL|VIX_LOW,13,2026-06-17,2026-06-20,246.85,195,264,1031.15,49.55,-0.129
260,PANIC|INSUFFICIENT_HISTORY|NORMAL|BULL|VIX_ELEVATED,13,2026-06-17,2026-06-20,277.31,239,288,37.77,40.75,-0.139
261,PANIC|BULL|NORMAL|SIDEWAYS|VIX_LOW,13,2026-06-17,2026-06-20,228.23,214,273,111.15,50.48,-0.142
262,MOMENTUM|BEAR|NORMAL|SIDEWAYS|VIX_ELEVATED,13,2026-06-17,2026-06-20,228.0,225,236,275.54,50.02,-0.168
263,MOMENTUM|HIGH_VOLATILITY|NORMAL|SIDEWAYS|VIX_HIGH,13,2026-06-17,2026-06-20,161.0,98,189,160.0,48.65,-0.184
264,PANIC|INSUFFICIENT_HISTORY|VOLATILE|SPY_INSUFFICIENT_HISTORY|VIX_ELEVATED,13,2026-06-17,2026-06-20,172.46,91,203,245.85,43.81,-0.216
265,MOMENTUM|SIDEWAYS|NORMAL|HIGH_VOL|VIX_HIGH,13,2026-06-17,2026-06-20,193.85,173,242,31.38,42.49,-0.246
266,MOMENTUM|INSUFFICIENT_HISTORY|VOLATILE|SIDEWAYS|VIX_ELEVATED,13,2026-06-17,2026-06-20,142.31,134,144,42.77,47.33,-0.254
267,MOMENTUM|BEAR|NORMAL|HIGH_VOL|VIX_EXTREME,13,2026-06-17,2026-06-20,318.77,304,324,30.23,52.34,-0.263
268,PANIC|BEAR|NORMAL|BULL|VIX_LOW,13,2026-06-17,2026-06-20,278.08,257,287,605.92,48.0,-0.263
269,PANIC|SIDEWAYS|NORMAL|BEAR|VIX_ELEVATED,13,2026-06-17,2026-06-20,330.92,315,337,9.0,55.56,-0.267
270,PANIC|BEAR|NORMAL|BULL|VIX_ELEVATED,13,2026-06-17,2026-06-20,277.38,258,286,462.92,51.01,-0.28
271,OVERSOLD|BEAR|NORMAL|BEAR|VIX_HIGH,13,2026-06-17,2026-06-20,295.15,279,302,133.31,49.54,-0.29
272,MOMENTUM|BEAR|VOLATILE|SIDEWAYS|VIX_LOW,13,2026-06-17,2026-06-20,198.77,161,290,83.38,43.49,-0.406
273,PANIC|INSUFFICIENT_HISTORY|NORMAL|SPY_INSUFFICIENT_HISTORY|VIX_ELEVATED,13,2026-06-17,2026-06-20,276.46,244,281,179.85,47.86,-0.443
274,OVERSOLD|SIDEWAYS|NORMAL|BEAR|VIX_HIGH,13,2026-06-17,2026-06-20,111.31,102,148,45.38,50.04,-0.502
275,MOMENTUM|HIGH_VOLATILITY|NORMAL|SIDEWAYS|VIX_LOW,13,2026-06-17,2026-06-20,268.77,86,287,22.08,47.34,-0.518
276,PANIC|SIDEWAYS|VOLATILE|SPY_INSUFFICIENT_HISTORY|VIX_UNAVAILABLE,13,2026-06-17,2026-06-20,303.38,295,307,140.31,52.08,-0.522
277,MOMENTUM|BULL|NORMAL|BEAR|VIX_EXTREME,13,2026-06-17,2026-06-20,140.15,104,271,25.85,55.68,-0.546
278,MOMENTUM|INSUFFICIENT_HISTORY|NORMAL|SPY_INSUFFICIENT_HISTORY|VIX_EXTREME,13,2026-06-17,2026-06-20,298.46,293,301,49.77,56.74,-0.557
279,PANIC|SIDEWAYS|NORMAL|HIGH_VOL|VIX_HIGH,13,2026-06-17,2026-06-20,220.38,99,273,25.23,48.34,-0.569
280,OVERSOLD|BEAR|NORMAL|SPY_INSUFFICIENT_HISTORY|VIX_UNAVAILABLE,13,2026-06-17,2026-06-20,199.31,77,253,38.62,48.28,-0.596
281,PANIC|BEAR|NORMAL|BEAR|VIX_ELEVATED,13,2026-06-17,2026-06-20,320.85,235,331,10.08,28.08,-0.62
282,MOMENTUM|SIDEWAYS|VOLATILE|HIGH_VOL|VIX_HIGH,13,2026-06-17,2026-06-20,307.77,287,316,91.77,46.23,-0.639
283,MOMENTUM|BEAR|NORMAL|BULL|VIX_ELEVATED,13,2026-06-17,2026-06-20,301.92,286,308,345.54,47.57,-0.648
284,MOMENTUM|BULL|VOLATILE|BEAR|VIX_EXTREME,13,2026-06-17,2026-06-20,297.69,279,304,89.62,54.5,-0.661
285,MOMENTUM|INSUFFICIENT_HISTORY|VOLATILE|SPY_INSUFFICIENT_HISTORY|VIX_ELEVATED,13,2026-06-17,2026-06-20,289.08,266,296,363.08,46.6,-0.664
286,PANIC|INSUFFICIENT_HISTORY|NORMAL|SPY_INSUFFICIENT_HISTORY|VIX_UNAVAILABLE,13,2026-06-17,2026-06-20,248.54,215,325,15.92,42.83,-0.665
287,OVERBOUGHT|BEAR|NORMAL|SIDEWAYS|VIX_ELEVATED,13,2026-06-17,2026-06-20,239.38,238,244,12.77,58.02,-0.669
288,PANIC|BEAR|NORMAL|SIDEWAYS|VIX_LOW,13,2026-06-17,2026-06-20,294.77,274,303,68.85,38.96,-0.721
289,PANIC|BULL|NORMAL|BEAR|VIX_HIGH,13,2026-06-17,2026-06-20,317.0,302,323,76.31,46.86,-0.74
290,MOMENTUM|HIGH_VOLATILITY|VOLATILE|SIDEWAYS|VIX_EXTREME,13,2026-06-17,2026-06-20,325.31,317,327,313.54,46.85,-0.815
291,MOMENTUM|SIDEWAYS|NORMAL|HIGH_VOL|VIX_EXTREME,13,2026-06-17,2026-06-20,277.92,202,310,35.85,64.57,-0.885
292,PANIC|HIGH_VOLATILITY|NORMAL|BEAR|VIX_EXTREME,13,2026-06-17,2026-06-20,309.77,298,316,30.23,53.39,-0.913
293,MOMENTUM|BEAR|VOLATILE|HIGH_VOL|VIX_EXTREME,13,2026-06-17,2026-06-20,317.92,299,325,107.54,55.46,-0.947
294,MOMENTUM|BULL|NORMAL|BEAR|VIX_HIGH,13,2026-06-17,2026-06-20,316.15,300,322,97.62,45.2,-0.953
295,OVERSOLD|BULL|NORMAL|BULL|VIX_ELEVATED,13,2026-06-17,2026-06-20,211.69,194,277,25.77,40.51,-1.005
296,MOMENTUM|INSUFFICIENT_HISTORY|VOLATILE|SPY_INSUFFICIENT_HISTORY|VIX_EXTREME,13,2026-06-17,2026-06-20,288.23,276,293,141.85,47.0,-1.051
297,PANIC|SIDEWAYS|VOLATILE|BEAR|VIX_ELEVATED,13,2026-06-17,2026-06-20,323.69,302,332,10.69,46.85,-1.144
298,PANIC|BULL|NORMAL|HIGH_VOL|VIX_EXTREME,13,2026-06-17,2026-06-20,289.54,278,294,19.85,50.0,-1.145
299,OVERSOLD|BEAR|NORMAL|SIDEWAYS|VIX_LOW,13,2026-06-17,2026-06-20,313.08,299,318,86.15,42.93,-1.151
300,OVERSOLD|HIGH_VOLATILITY|NORMAL|SIDEWAYS|VIX_LOW,13,2026-06-17,2026-06-20,304.62,298,320,7.77,36.92,-1.199
301,MOMENTUM|INSUFFICIENT_HISTORY|NORMAL|SPY_INSUFFICIENT_HISTORY|VIX_UNAVAILABLE,13,2026-06-17,2026-06-20,119.15,46,284,15.23,52.14,-1.251
302,PANIC|BEAR|VOLATILE|BEAR|VIX_ELEVATED,13,2026-06-17,2026-06-20,239.85,155,306,9.92,34.87,-1.293
303,MOMENTUM|BULL|VOLATILE|HIGH_VOL|VIX_EXTREME,13,2026-06-17,2026-06-20,313.54,293,320,83.92,46.96,-1.336
304,PANIC|HIGH_VOLATILITY|VOLATILE|BULL|VIX_EXTREME,13,2026-06-17,2026-06-20,291.54,284,309,40.23,33.87,-1.51
305,PANIC|INSUFFICIENT_HISTORY|VOLATILE|SIDEWAYS|VIX_ELEVATED,13,2026-06-17,2026-06-20,214.92,146,242,46.31,46.42,-1.537
306,OVERBOUGHT|HIGH_VOLATILITY|NORMAL|SIDEWAYS|VIX_LOW,13,2026-06-17,2026-06-20,330.23,312,335,21.0,40.89,-1.538
307,PANIC|BULL|VOLATILE|BEAR|VIX_HIGH,13,2026-06-17,2026-06-20,329.92,314,336,157.54,47.6,-1.549
308,PANIC|BULL|NORMAL|BEAR|VIX_EXTREME,13,2026-06-17,2026-06-20,322.77,305,329,24.85,45.64,-1.597
309,PANIC|BEAR|NORMAL|HIGH_VOL|VIX_EXTREME,13,2026-06-17,2026-06-20,327.46,291,342,50.69,60.54,-1.755
310,MOMENTUM|HIGH_VOLATILITY|VOLATILE|BEAR|VIX_EXTREME,13,2026-06-17,2026-06-20,323.15,312,328,160.85,50.68,-1.81
311,OVERSOLD|BEAR|NORMAL|BULL|VIX_EXTREME,13,2026-06-17,2026-06-20,338.23,323,344,5.69,35.38,-1.851
312,PANIC|BEAR|VOLATILE|SIDEWAYS|VIX_LOW,13,2026-06-17,2026-06-20,300.23,263,314,118.46,35.91,-1.869
313,OVERSOLD|HIGH_VOLATILITY|NORMAL|BEAR|VIX_EXTREME,13,2026-06-17,2026-06-20,190.69,58,246,27.23,38.25,-1.936
314,PANIC|BEAR|VOLATILE|HIGH_VOL|VIX_EXTREME,13,2026-06-17,2026-06-20,313.23,268,333,160.69,57.15,-2.084
315,MOMENTUM|HIGH_VOLATILITY|VOLATILE|BULL|VIX_EXTREME,13,2026-06-17,2026-06-20,341.69,326,347,20.77,41.28,-2.234
316,OVERSOLD|BEAR|NORMAL|HIGH_VOL|VIX_EXTREME,13,2026-06-17,2026-06-20,335.08,309,345,35.0,54.44,-2.439
317,MOMENTUM|INSUFFICIENT_HISTORY|NORMAL|BULL|VIX_ELEVATED,13,2026-06-17,2026-06-20,69.92,12,324,28.92,26.75,-2.606
318,OVERBOUGHT|BULL|NORMAL|BEAR|VIX_ELEVATED,13,2026-06-17,2026-06-20,305.62,289,312,8.0,25.0,-2.761
319,OVERBOUGHT|BULL|NORMAL|BEAR|VIX_HIGH,13,2026-06-17,2026-06-20,316.38,303,321,53.31,36.94,-2.936
320,PANIC|HIGH_VOLATILITY|VOLATILE|BEAR|VIX_ELEVATED,13,2026-06-17,2026-06-20,340.92,319,349,25.62,35.16,-3.135
321,MOMENTUM|SIDEWAYS|VOLATILE|HIGH_VOL|VIX_EXTREME,13,2026-06-17,2026-06-20,339.77,322,346,134.69,49.47,-3.474
322,OVERSOLD|INSUFFICIENT_HISTORY|NORMAL|SPY_INSUFFICIENT_HISTORY|VIX_ELEVATED,13,2026-06-17,2026-06-20,322.08,269,341,24.54,14.85,-3.514
323,PANIC|SIDEWAYS|NORMAL|HIGH_VOL|VIX_EXTREME,13,2026-06-17,2026-06-20,336.08,295,351,35.08,53.56,-4.208
324,OVERBOUGHT|INSUFFICIENT_HISTORY|NORMAL|BULL|VIX_LOW,13,2026-06-17,2026-06-20,49.69,17,64,14.69,10.93,-4.268
325,MOMENTUM|HIGH_VOLATILITY|NORMAL|BEAR|VIX_EXTREME,13,2026-06-17,2026-06-20,343.62,327,350,18.77,46.81,-4.575
326,PANIC|SIDEWAYS|VOLATILE|HIGH_VOL|VIX_EXTREME,13,2026-06-17,2026-06-20,344.38,325,352,169.46,51.5,-5.026
327,OVERSOLD|SIDEWAYS|NORMAL|HIGH_VOL|VIX_EXTREME,13,2026-06-17,2026-06-20,346.23,328,353,12.77,29.01,-11.027
328,PANIC|INSUFFICIENT_HISTORY|NORMAL|BULL|VIX_HIGH,12,2026-06-17,2026-06-20,89.75,35,108,10.25,52.5,2.698
329,OVERSOLD|INSUFFICIENT_HISTORY|NORMAL|BULL|VIX_ELEVATED,12,2026-06-17,2026-06-20,219.5,23,285,16.75,58.93,0.28
330,OVERBOUGHT|INSUFFICIENT_HISTORY|NORMAL|BULL|VIX_HIGH,12,2026-06-17,2026-06-20,48.0,36,84,7.25,56.88,0.057
331,OVERSOLD|INSUFFICIENT_HISTORY|NORMAL|BULL|VIX_HIGH,12,2026-06-17,2026-06-20,298.25,260,311,8.5,55.96,-0.099
332,MOMENTUM|INSUFFICIENT_HISTORY|NORMAL|BULL|VIX_HIGH,12,2026-06-17,2026-06-20,325.75,313,330,12.0,54.28,-1.014
333,OVERBOUGHT|BEAR|NORMAL|SIDEWAYS|VIX_HIGH,10,2026-06-18,2026-06-20,6.0,6,6,7.7,86.75,3.528
334,MOMENTUM|HIGH_VOLATILITY|NORMAL|BULL|VIX_EXTREME,9,2026-06-18,2026-06-20,15.0,15,15,5.0,60.0,12.812
335,OVERSOLD|SIDEWAYS|NORMAL|HIGH_VOL|VIX_HIGH,9,2026-06-18,2026-06-20,4.0,4,4,6.0,83.33,5.704
336,MOMENTUM|INSUFFICIENT_HISTORY|VOLATILE|SIDEWAYS|VIX_LOW,9,2026-06-18,2026-06-20,5.0,5,5,8.0,50.0,3.629
337,PANIC|INSUFFICIENT_HISTORY|VOLATILE|SIDEWAYS|VIX_LOW,9,2026-06-18,2026-06-20,22.0,22,22,6.0,66.67,3.569
338,MOMENTUM|INSUFFICIENT_HISTORY|NORMAL|SIDEWAYS|VIX_HIGH,9,2026-06-18,2026-06-20,13.0,13,13,7.0,71.43,3.319
339,OVERSOLD|INSUFFICIENT_HISTORY|NORMAL|SPY_INSUFFICIENT_HISTORY|VIX_UNAVAILABLE,9,2026-06-18,2026-06-20,340.0,340,340,7.0,71.43,2.709
340,MOMENTUM|INSUFFICIENT_HISTORY|NORMAL|SIDEWAYS|VIX_ELEVATED,9,2026-06-18,2026-06-20,30.0,30,30,13.0,53.85,2.459
341,PANIC|INSUFFICIENT_HISTORY|NORMAL|BULL|VIX_LOW,9,2026-06-18,2026-06-20,313.0,313,313,81.0,44.44,2.411
342,OVERSOLD|BEAR|NORMAL|BEAR|VIX_ELEVATED,9,2026-06-18,2026-06-20,334.0,334,334,7.0,57.14,1.831
343,OVERSOLD|INSUFFICIENT_HISTORY|NORMAL|BULL|VIX_LOW,9,2026-06-18,2026-06-20,136.0,136,136,62.0,51.61,1.726
344,OVERBOUGHT|HIGH_VOLATILITY|NORMAL|BEAR|VIX_HIGH,9,2026-06-18,2026-06-20,60.0,60,60,5.0,40.0,1.216
345,PANIC|HIGH_VOLATILITY|NORMAL|BULL|VIX_EXTREME,9,2026-06-18,2026-06-20,21.0,21,21,10.0,50.0,0.853
346,OVERBOUGHT|INSUFFICIENT_HISTORY|NORMAL|BULL|VIX_ELEVATED,9,2026-06-18,2026-06-20,292.0,292,292,11.0,72.73,0.541
347,PANIC|INSUFFICIENT_HISTORY|NORMAL|SIDEWAYS|VIX_HIGH,9,2026-06-18,2026-06-20,339.0,339,339,14.0,50.0,0.415
348,OVERSOLD|BULL|NORMAL|SIDEWAYS|VIX_HIGH,9,2026-06-18,2026-06-20,305.0,305,305,8.0,87.5,0.41
349,OVERBOUGHT|INSUFFICIENT_HISTORY|NORMAL|SIDEWAYS|VIX_ELEVATED,9,2026-06-18,2026-06-20,90.0,90,90,6.0,33.33,-0.898
350,OVERSOLD|INSUFFICIENT_HISTORY|NORMAL|SIDEWAYS|VIX_HIGH,9,2026-06-18,2026-06-20,326.0,326,326,10.0,60.0,-2.212
351,MOMENTUM|SIDEWAYS|VOLATILE|SPY_INSUFFICIENT_HISTORY|VIX_ELEVATED,9,2026-06-18,2026-06-20,343.0,343,343,6.22,32.4,-2.421
352,PANIC|INSUFFICIENT_HISTORY|NORMAL|SIDEWAYS|VIX_ELEVATED,9,2026-06-18,2026-06-20,319.0,319,319,20.0,25.0,-3.368
353,OVERBOUGHT|BULL|NORMAL|BEAR|VIX_EXTREME,9,2026-06-18,2026-06-20,348.0,348,348,5.0,0.0,-5.679
