Rank,Pattern,Trades,WinRate1D,AvgReturn1D,WinRate3D,AvgReturn3D,WinRate5D,AvgReturn5D,WinRate10D,AvgReturn10D
1,OVERSOLD|HIGH_VOLATILITY|NORMAL|SPY_INSUFFICIENT_HISTORY|VIX_UNAVAILABLE,21,47.62,-0.612,71.43,6.149,85.71,11.843,61.9,12.422
2,MOMENTUM|BULL|NORMAL|BULL|VIX_EXTREME,8,50.0,0.594,87.5,6.196,100.0,10.064,75.0,9.769
3,OVERSOLD|HIGH_VOLATILITY|NORMAL|HIGH_VOL|VIX_EXTREME,39,61.54,1.175,64.1,6.026,71.79,7.613,87.18,13.236
4,OVERSOLD|SIDEWAYS|NORMAL|HIGH_VOL|VIX_HIGH,6,83.33,2.87,83.33,5.46,83.33,6.897,83.33,5.704
5,MOMENTUM|INSUFFICIENT_HISTORY|VOLATILE|SIDEWAYS|VIX_LOW,8,25.0,0.754,50.0,4.765,50.0,5.977,50.0,3.629
6,OVERBOUGHT|BEAR|NORMAL|SIDEWAYS|VIX_HIGH,8,62.5,1.888,100.0,3.87,100.0,5.277,87.5,3.539
7,MOMENTUM|SIDEWAYS|VOLATILE|BULL|VIX_EXTREME,19,52.63,-0.263,78.95,3.007,84.21,4.716,78.95,4.12
8,MOMENTUM|SIDEWAYS|NORMAL|BULL|VIX_EXTREME,8,75.0,1.124,75.0,3.278,75.0,4.541,87.5,9.305
9,OVERBOUGHT|SIDEWAYS|NORMAL|HIGH_VOL|VIX_HIGH,15,26.67,-0.415,46.67,1.375,66.67,4.273,93.33,9.615
10,OVERSOLD|HIGH_VOLATILITY|NORMAL|SIDEWAYS|VIX_EXTREME,7,71.43,1.003,85.71,3.753,85.71,4.265,85.71,12.426
11,OVERBOUGHT|BEAR|NORMAL|HIGH_VOL|VIX_HIGH,5,60.0,-0.035,40.0,0.858,100.0,4.205,100.0,2.392
12,MOMENTUM|BULL|VOLATILE|BULL|VIX_EXTREME,27,48.15,0.182,74.07,1.87,77.78,3.984,77.78,5.722
13,MOMENTUM|INSUFFICIENT_HISTORY|NORMAL|SIDEWAYS|VIX_HIGH,7,71.43,0.613,85.71,3.402,71.43,3.417,71.43,3.319
14,OVERBOUGHT|HIGH_VOLATILITY|NORMAL|BULL|VIX_HIGH,64,59.38,1.848,65.62,2.57,65.62,3.384,65.62,3.533
15,MOMENTUM|HIGH_VOLATILITY|NORMAL|BULL|VIX_EXTREME,5,20.0,-0.71,40.0,0.388,80.0,3.334,60.0,12.812
16,PANIC|HIGH_VOLATILITY|NORMAL|SIDEWAYS|VIX_LOW,37,51.35,0.953,45.95,0.172,51.35,3.285,59.46,2.875
17,OVERBOUGHT|BEAR|NORMAL|BULL|VIX_LOW,29,55.17,-0.066,58.62,1.825,65.52,3.039,44.83,2.861
18,OVERSOLD|SIDEWAYS|NORMAL|SIDEWAYS|VIX_EXTREME,83,57.83,0.59,77.11,2.734,72.29,2.786,73.49,3.294
19,OVERBOUGHT|HIGH_VOLATILITY|NORMAL|SIDEWAYS|VIX_HIGH,49,51.02,0.583,51.02,2.176,46.94,2.649,59.18,6.252
20,PANIC|BEAR|VOLATILE|HIGH_VOL|VIX_HIGH,49,75.51,0.941,69.39,1.713,77.55,2.613,71.43,3.05
21,PANIC|HIGH_VOLATILITY|NORMAL|BULL|VIX_EXTREME,10,20.0,-1.134,70.0,-0.044,70.0,2.612,50.0,0.853
22,PANIC|INSUFFICIENT_HISTORY|VOLATILE|SIDEWAYS|VIX_LOW,6,33.33,-1.154,33.33,-0.112,33.33,2.595,66.67,3.569
23,PANIC|BULL|NORMAL|BULL|VIX_EXTREME,13,46.15,-0.572,46.15,0.467,61.54,2.567,69.23,4.792
24,OVERBOUGHT|SIDEWAYS|NORMAL|SPY_INSUFFICIENT_HISTORY|VIX_UNAVAILABLE,41,63.41,0.714,43.9,0.384,60.98,2.538,75.61,5.227
25,MOMENTUM|INSUFFICIENT_HISTORY|VOLATILE|BULL|VIX_LOW,213,51.17,1.076,51.17,1.892,47.42,2.383,47.42,3.786
26,OVERBOUGHT|HIGH_VOLATILITY|NORMAL|HIGH_VOL|VIX_HIGH,10,60.0,0.915,80.0,1.965,90.0,2.379,90.0,11.496
27,OVERBOUGHT|BEAR|NORMAL|BEAR|VIX_ELEVATED,7,42.86,1.076,100.0,3.659,71.43,2.368,100.0,4.57
28,PANIC|BEAR|VOLATILE|BEAR|VIX_EXTREME,382,49.48,0.216,59.42,1.185,67.28,2.359,68.85,2.982
29,PANIC|BULL|VOLATILE|BULL|VIX_EXTREME,55,58.18,0.236,54.55,0.524,69.09,2.275,58.18,2.516
30,MOMENTUM|INSUFFICIENT_HISTORY|NORMAL|SIDEWAYS|VIX_ELEVATED,13,53.85,1.031,61.54,2.213,76.92,2.187,53.85,2.459
31,MOMENTUM|BEAR|VOLATILE|SIDEWAYS|VIX_EXTREME,102,55.88,0.524,58.82,1.156,65.69,2.132,69.61,2.548
32,OVERBOUGHT|HIGH_VOLATILITY|NORMAL|SPY_INSUFFICIENT_HISTORY|VIX_UNAVAILABLE,57,57.89,0.71,61.4,0.865,56.14,2.131,56.14,2.433
33,PANIC|HIGH_VOLATILITY|VOLATILE|BULL|VIX_LOW,2005,48.53,0.314,53.32,1.266,54.31,2.065,52.52,3.227
34,MOMENTUM|HIGH_VOLATILITY|NORMAL|BEAR|VIX_HIGH,67,59.7,0.8,61.19,1.276,56.72,2.015,62.69,2.339
35,MOMENTUM|HIGH_VOLATILITY|NORMAL|BULL|VIX_LOW,341,49.27,0.469,46.33,0.578,51.61,1.909,50.15,2.929
36,OVERBOUGHT|INSUFFICIENT_HISTORY|NORMAL|BULL|VIX_HIGH,8,50.0,-0.044,50.0,2.144,50.0,1.908,62.5,0.313
37,MOMENTUM|BULL|VOLATILE|BEAR|VIX_ELEVATED,15,40.0,0.049,66.67,1.076,73.33,1.898,73.33,2.447
38,PANIC|HIGH_VOLATILITY|VOLATILE|SIDEWAYS|VIX_LOW,178,51.12,0.135,48.88,0.436,48.88,1.884,52.81,4.074
39,MOMENTUM|SIDEWAYS|NORMAL|SIDEWAYS|VIX_EXTREME,103,54.37,0.32,65.05,1.044,64.08,1.876,73.79,2.619
40,PANIC|HIGH_VOLATILITY|VOLATILE|HIGH_VOL|VIX_HIGH,144,62.5,0.543,50.0,0.749,56.94,1.857,64.58,3.081
41,OVERSOLD|BEAR|NORMAL|BULL|VIX_HIGH,75,57.33,0.664,64.0,1.229,66.67,1.854,57.33,1.191
42,MOMENTUM|INSUFFICIENT_HISTORY|VOLATILE|SPY_INSUFFICIENT_HISTORY|VIX_UNAVAILABLE,72,50.0,0.585,50.0,1.038,47.22,1.843,51.39,3.178
43,PANIC|INSUFFICIENT_HISTORY|VOLATILE|BULL|VIX_HIGH,26,57.69,-0.167,46.15,0.457,50.0,1.805,53.85,3.45
44,MOMENTUM|BULL|NORMAL|SIDEWAYS|VIX_EXTREME,70,58.57,0.356,62.86,1.437,70.0,1.801,65.71,2.556
45,PANIC|HIGH_VOLATILITY|VOLATILE|HIGH_VOL|VIX_EXTREME,858,57.46,1.078,53.15,0.972,60.84,1.786,68.18,4.129
46,MOMENTUM|INSUFFICIENT_HISTORY|NORMAL|SPY_INSUFFICIENT_HISTORY|VIX_UNAVAILABLE,18,27.78,-0.591,44.44,-0.314,61.11,1.785,55.56,-0.124
47,PANIC|BEAR|NORMAL|HIGH_VOL|VIX_HIGH,35,65.71,0.302,48.57,0.578,68.57,1.75,60.0,1.029
48,PANIC|BEAR|VOLATILE|SPY_INSUFFICIENT_HISTORY|VIX_UNAVAILABLE,98,61.22,1.053,61.22,1.596,66.33,1.734,57.14,1.022
49,PANIC|SIDEWAYS|NORMAL|SIDEWAYS|VIX_EXTREME,137,57.66,0.789,63.5,1.37,66.42,1.731,72.99,2.919
50,PANIC|HIGH_VOLATILITY|VOLATILE|SIDEWAYS|VIX_EXTREME,443,58.47,0.553,58.01,1.193,56.66,1.728,59.37,3.386
51,MOMENTUM|SIDEWAYS|NORMAL|BEAR|VIX_ELEVATED,13,61.54,0.491,61.54,1.206,76.92,1.723,69.23,2.424
52,MOMENTUM|BULL|VOLATILE|SPY_INSUFFICIENT_HISTORY|VIX_UNAVAILABLE,211,55.92,0.461,50.71,0.973,52.61,1.718,51.66,2.1
53,OVERSOLD|BEAR|NORMAL|SIDEWAYS|VIX_EXTREME,45,55.56,1.145,64.44,2.351,57.78,1.713,66.67,0.834
54,OVERSOLD|BEAR|NORMAL|BEAR|VIX_EXTREME,48,54.17,0.303,70.83,1.504,77.08,1.703,64.58,1.662
55,PANIC|SIDEWAYS|VOLATILE|BULL|VIX_EXTREME,42,59.52,0.276,54.76,0.316,61.9,1.702,54.76,1.359
56,OVERSOLD|HIGH_VOLATILITY|NORMAL|BULL|VIX_LOW,90,48.89,0.206,55.56,0.658,62.22,1.676,55.56,2.033
57,PANIC|BULL|NORMAL|SIDEWAYS|VIX_EXTREME,53,69.81,0.445,58.49,1.249,64.15,1.668,77.36,3.748
58,OVERSOLD|HIGH_VOLATILITY|NORMAL|BEAR|VIX_HIGH,21,38.1,-0.616,42.86,-0.103,47.62,1.668,33.33,1.329
59,OVERSOLD|BEAR|NORMAL|HIGH_VOL|VIX_HIGH,12,66.67,0.884,75.0,0.503,75.0,1.655,75.0,2.563
60,OVERBOUGHT|HIGH_VOLATILITY|NORMAL|BEAR|VIX_HIGH,5,40.0,-0.993,60.0,0.97,60.0,1.654,40.0,1.216
61,MOMENTUM|INSUFFICIENT_HISTORY|NORMAL|BULL|VIX_ELEVATED,35,68.57,0.516,48.57,0.674,40.0,1.648,28.57,-2.093
62,OVERBOUGHT|HIGH_VOLATILITY|NORMAL|BULL|VIX_ELEVATED,130,51.54,0.583,48.46,0.765,55.38,1.617,58.46,2.338
63,PANIC|HIGH_VOLATILITY|NORMAL|HIGH_VOL|VIX_HIGH,27,62.96,0.144,74.07,1.79,59.26,1.609,62.96,2.379
64,OVERBOUGHT|INSUFFICIENT_HISTORY|NORMAL|BULL|VIX_LOW,19,52.63,-0.428,42.11,-1.938,36.84,1.577,15.79,-2.35
65,MOMENTUM|HIGH_VOLATILITY|VOLATILE|BEAR|VIX_ELEVATED,35,51.43,-0.297,57.14,0.483,68.57,1.575,65.71,3.161
66,PANIC|BULL|NORMAL|SPY_INSUFFICIENT_HISTORY|VIX_UNAVAILABLE,66,63.64,0.026,62.12,0.742,60.61,1.563,63.64,2.429
67,MOMENTUM|HIGH_VOLATILITY|VOLATILE|SIDEWAYS|VIX_LOW,198,52.02,0.927,50.51,2.098,48.48,1.559,53.03,4.041
68,PANIC|SIDEWAYS|VOLATILE|SIDEWAYS|VIX_EXTREME,531,57.82,0.497,60.64,1.088,64.22,1.547,65.54,1.44
69,MOMENTUM|BEAR|NORMAL|HIGH_VOL|VIX_HIGH,30,70.0,0.938,70.0,1.388,63.33,1.54,53.33,0.213
70,PANIC|INSUFFICIENT_HISTORY|VOLATILE|SPY_INSUFFICIENT_HISTORY|VIX_UNAVAILABLE,46,60.87,0.24,63.04,0.855,54.35,1.484,50.0,3.331
71,MOMENTUM|INSUFFICIENT_HISTORY|VOLATILE|SIDEWAYS|VIX_HIGH,26,42.31,0.266,53.85,1.538,53.85,1.475,53.85,4.447
72,PANIC|BULL|VOLATILE|SIDEWAYS|VIX_EXTREME,145,57.93,0.295,53.79,0.722,59.31,1.466,68.97,3.318
73,OVERSOLD|HIGH_VOLATILITY|NORMAL|HIGH_VOL|VIX_HIGH,9,55.56,0.165,55.56,1.184,55.56,1.456,55.56,0.268
74,MOMENTUM|BEAR|VOLATILE|BEAR|VIX_EXTREME,205,53.66,0.284,68.78,1.276,67.32,1.444,67.32,2.049
75,MOMENTUM|HIGH_VOLATILITY|VOLATILE|BULL|VIX_LOW,2085,50.17,0.437,49.02,0.901,49.3,1.43,50.98,2.616
76,MOMENTUM|SIDEWAYS|VOLATILE|BEAR|VIX_EXTREME,128,48.44,0.067,63.28,0.777,61.72,1.422,71.09,2.132
77,PANIC|SIDEWAYS|NORMAL|SPY_INSUFFICIENT_HISTORY|VIX_UNAVAILABLE,64,50.0,-0.069,50.0,-0.595,64.06,1.412,48.44,0.703
78,OVERSOLD|HIGH_VOLATILITY|NORMAL|SIDEWAYS|VIX_HIGH,38,36.84,-0.988,55.26,0.72,60.53,1.405,55.26,1.935
79,MOMENTUM|HIGH_VOLATILITY|NORMAL|HIGH_VOL|VIX_HIGH,47,34.04,-0.641,53.19,-0.502,68.09,1.377,70.21,2.583
80,PANIC|HIGH_VOLATILITY|NORMAL|SIDEWAYS|VIX_ELEVATED,166,53.61,0.642,57.23,1.502,53.01,1.369,50.6,1.025
81,PANIC|BULL|VOLATILE|HIGH_VOL|VIX_HIGH,17,64.71,0.213,64.71,1.183,64.71,1.345,70.59,1.599
82,PANIC|BULL|VOLATILE|HIGH_VOL|VIX_EXTREME,48,72.92,0.581,62.5,0.922,66.67,1.31,64.58,-0.038
83,OVERSOLD|HIGH_VOLATILITY|NORMAL|SIDEWAYS|VIX_ELEVATED,56,42.86,-0.319,50.0,-0.304,57.14,1.286,67.86,3.779
84,MOMENTUM|INSUFFICIENT_HISTORY|NORMAL|BULL|VIX_LOW,48,43.75,-0.274,37.5,-0.277,35.42,1.28,50.0,3.293
85,MOMENTUM|BEAR|VOLATILE|SPY_INSUFFICIENT_HISTORY|VIX_UNAVAILABLE,84,41.67,0.251,48.81,1.173,52.38,1.276,46.43,0.037
86,PANIC|HIGH_VOLATILITY|NORMAL|SIDEWAYS|VIX_EXTREME,60,53.33,0.648,61.67,0.823,48.33,1.225,61.67,2.958
87,PANIC|BEAR|NORMAL|BEAR|VIX_EXTREME,110,48.18,-0.034,51.82,0.34,69.09,1.224,72.73,1.869
88,OVERSOLD|BEAR|NORMAL|SIDEWAYS|VIX_HIGH,225,52.89,0.425,63.56,1.09,60.0,1.207,63.11,1.805
89,PANIC|SIDEWAYS|VOLATILE|HIGH_VOL|VIX_HIGH,68,66.18,0.607,57.35,0.511,60.29,1.2,58.82,1.886
90,OVERBOUGHT|INSUFFICIENT_HISTORY|NORMAL|SIDEWAYS|VIX_ELEVATED,6,50.0,0.244,50.0,-0.469,50.0,1.188,33.33,-0.898
91,OVERSOLD|INSUFFICIENT_HISTORY|NORMAL|SPY_INSUFFICIENT_HISTORY|VIX_EXTREME,47,40.43,-0.106,65.96,1.018,65.96,1.177,48.94,0.655
92,OVERBOUGHT|HIGH_VOLATILITY|NORMAL|BULL|VIX_LOW,216,50.93,0.227,53.7,0.574,52.78,1.149,57.41,2.472
93,OVERBOUGHT|BULL|NORMAL|HIGH_VOL|VIX_HIGH,19,57.89,0.206,73.68,0.753,63.16,1.142,73.68,1.067
94,OVERBOUGHT|HIGH_VOLATILITY|NORMAL|HIGH_VOL|VIX_EXTREME,30,53.33,0.171,46.67,-0.327,60.0,1.141,66.67,1.258
95,MOMENTUM|BULL|VOLATILE|BULL|VIX_HIGH,1078,52.78,0.392,55.01,0.714,58.35,1.115,57.33,2.085
96,MOMENTUM|BULL|VOLATILE|SIDEWAYS|VIX_EXTREME,181,51.93,0.199,55.25,0.657,55.8,1.091,56.91,1.436
97,PANIC|BULL|VOLATILE|BULL|VIX_HIGH,683,53.44,0.249,56.95,0.659,57.69,1.088,62.08,2.457
98,PANIC|BULL|VOLATILE|SPY_INSUFFICIENT_HISTORY|VIX_UNAVAILABLE,89,50.56,-0.105,57.3,0.683,58.43,1.087,55.06,2.091
99,PANIC|HIGH_VOLATILITY|VOLATILE|BULL|VIX_HIGH,736,51.09,0.137,53.4,0.499,51.22,1.062,52.17,1.611
100,OVERBOUGHT|SIDEWAYS|NORMAL|BEAR|VIX_ELEVATED,12,50.0,0.544,58.33,1.189,50.0,1.059,83.33,1.899
101,PANIC|SIDEWAYS|VOLATILE|BULL|VIX_HIGH,717,53.28,0.264,57.6,0.818,58.3,1.05,62.2,2.019
102,OVERSOLD|SIDEWAYS|NORMAL|BEAR|VIX_HIGH,47,57.45,0.164,74.47,0.703,63.83,1.028,48.94,-0.59
103,PANIC|BULL|VOLATILE|SIDEWAYS|VIX_LOW,119,54.62,0.624,55.46,1.341,52.94,1.015,53.78,0.805
104,MOMENTUM|BULL|NORMAL|BEAR|VIX_EXTREME,28,60.71,0.456,60.71,0.402,53.57,1.007,57.14,-0.238
105,MOMENTUM|HIGH_VOLATILITY|NORMAL|SIDEWAYS|VIX_ELEVATED,148,50.0,0.233,54.05,0.661,56.76,1.004,54.05,1.561
106,MOMENTUM|BULL|NORMAL|HIGH_VOL|VIX_HIGH,23,78.26,0.232,52.17,0.228,52.17,0.988,60.87,1.731
107,PANIC|HIGH_VOLATILITY|NORMAL|SIDEWAYS|VIX_HIGH,196,52.55,0.511,55.61,1.383,55.61,0.976,58.67,2.224
108,PANIC|INSUFFICIENT_HISTORY|NORMAL|BULL|VIX_HIGH,12,58.33,-0.016,50.0,2.371,66.67,0.969,50.0,1.966
109,PANIC|SIDEWAYS|NORMAL|SIDEWAYS|VIX_HIGH,786,54.33,0.067,57.38,0.647,63.1,0.942,60.69,1.322
110,MOMENTUM|BULL|NORMAL|BEAR|VIX_ELEVATED,10,70.0,0.31,90.0,0.998,50.0,0.922,60.0,1.929
111,MOMENTUM|BULL|NORMAL|HIGH_VOL|VIX_EXTREME,28,64.29,0.316,60.71,0.668,57.14,0.915,60.71,1.146
112,PANIC|HIGH_VOLATILITY|VOLATILE|SPY_INSUFFICIENT_HISTORY|VIX_UNAVAILABLE,378,56.08,0.546,55.03,0.911,58.99,0.908,58.99,1.959
113,PANIC|HIGH_VOLATILITY|NORMAL|BULL|VIX_LOW,384,48.18,0.4,45.31,0.566,53.39,0.889,54.95,2.526
114,PANIC|SIDEWAYS|VOLATILE|BEAR|VIX_EXTREME,241,49.79,0.063,57.68,0.534,62.66,0.887,60.58,1.25
115,OVERSOLD|SIDEWAYS|NORMAL|BULL|VIX_HIGH,127,52.76,0.27,59.06,0.574,65.35,0.882,54.33,0.237
116,PANIC|HIGH_VOLATILITY|NORMAL|HIGH_VOL|VIX_EXTREME,101,55.45,-0.057,52.48,0.788,57.43,0.874,61.39,1.694
117,MOMENTUM|BULL|VOLATILE|HIGH_VOL|VIX_HIGH,50,54.0,0.312,50.0,0.113,56.0,0.863,72.0,2.507
118,MOMENTUM|HIGH_VOLATILITY|NORMAL|SPY_INSUFFICIENT_HISTORY|VIX_UNAVAILABLE,87,43.68,0.237,50.57,1.027,47.13,0.858,55.17,1.387
119,MOMENTUM|BEAR|NORMAL|SIDEWAYS|VIX_LOW,50,52.0,0.343,56.0,1.022,56.0,0.856,46.0,0.304
120,PANIC|BEAR|VOLATILE|BULL|VIX_HIGH,291,51.55,0.104,55.33,0.556,57.04,0.854,48.8,0.679
121,PANIC|INSUFFICIENT_HISTORY|VOLATILE|SIDEWAYS|VIX_HIGH,39,51.28,0.119,48.72,-0.015,64.1,0.849,56.41,2.718
122,OVERBOUGHT|BULL|NORMAL|BULL|VIX_HIGH,432,54.4,0.105,58.8,0.518,56.94,0.845,58.1,1.723
123,MOMENTUM|BULL|NORMAL|BULL|VIX_HIGH,445,52.13,0.157,54.61,0.359,57.53,0.843,61.35,1.563
124,MOMENTUM|HIGH_VOLATILITY|VOLATILE|HIGH_VOL|VIX_EXTREME,917,42.53,-0.565,51.91,0.355,51.8,0.839,61.29,2.377
125,MOMENTUM|BULL|NORMAL|SPY_INSUFFICIENT_HISTORY|VIX_UNAVAILABLE,95,47.37,0.055,45.26,0.766,45.26,0.839,52.63,2.067
126,MOMENTUM|SIDEWAYS|VOLATILE|BULL|VIX_HIGH,554,53.43,0.32,53.97,0.862,53.61,0.822,50.9,1.091
127,OVERSOLD|SIDEWAYS|NORMAL|BEAR|VIX_EXTREME,41,56.1,0.482,56.1,0.892,63.41,0.813,63.41,-0.162
128,MOMENTUM|SIDEWAYS|VOLATILE|SIDEWAYS|VIX_EXTREME,318,53.46,0.343,60.06,0.834,57.86,0.813,61.95,0.923
129,MOMENTUM|BULL|VOLATILE|SIDEWAYS|VIX_LOW,276,49.28,0.072,56.52,0.546,55.8,0.811,58.7,1.082
130,MOMENTUM|SIDEWAYS|VOLATILE|SIDEWAYS|VIX_ELEVATED,1484,51.15,0.134,56.74,0.558,56.74,0.801,58.49,1.102
131,MOMENTUM|HIGH_VOLATILITY|NORMAL|HIGH_VOL|VIX_EXTREME,73,60.27,0.546,71.23,1.324,54.79,0.787,54.79,0.933
132,PANIC|HIGH_VOLATILITY|VOLATILE|BULL|VIX_ELEVATED,1693,51.51,0.366,48.38,0.666,46.84,0.759,46.43,1.044
133,PANIC|SIDEWAYS|NORMAL|BULL|VIX_EXTREME,17,52.94,0.141,52.94,0.313,64.71,0.758,52.94,0.219
134,MOMENTUM|HIGH_VOLATILITY|VOLATILE|SIDEWAYS|VIX_ELEVATED,1066,50.56,0.334,50.38,0.653,50.75,0.755,50.38,0.719
135,MOMENTUM|SIDEWAYS|NORMAL|SPY_INSUFFICIENT_HISTORY|VIX_UNAVAILABLE,103,48.54,0.217,50.49,0.381,48.54,0.717,53.4,1.386
136,OVERSOLD|INSUFFICIENT_HISTORY|NORMAL|BULL|VIX_LOW,62,46.77,0.165,48.39,0.652,45.16,0.715,51.61,1.726
137,OVERSOLD|HIGH_VOLATILITY|NORMAL|BULL|VIX_ELEVATED,86,47.67,0.303,43.02,0.266,44.19,0.712,47.67,1.418
138,PANIC|SIDEWAYS|VOLATILE|SIDEWAYS|VIX_ELEVATED,1632,51.23,0.07,55.76,0.408,55.82,0.711,56.68,0.935
139,OVERSOLD|SIDEWAYS|NORMAL|SIDEWAYS|VIX_ELEVATED,524,56.49,0.368,58.21,0.372,62.4,0.71,62.21,1.416
140,OVERBOUGHT|SIDEWAYS|NORMAL|BULL|VIX_HIGH,84,47.62,-0.236,45.24,-0.156,59.52,0.706,61.9,1.662
141,MOMENTUM|SIDEWAYS|NORMAL|SIDEWAYS|VIX_LOW,249,50.6,0.114,59.04,0.516,62.65,0.698,57.43,0.712
142,MOMENTUM|SIDEWAYS|NORMAL|SIDEWAYS|VIX_ELEVATED,844,52.73,0.117,58.29,0.436,60.19,0.695,59.95,0.906
143,OVERBOUGHT|BULL|NORMAL|SPY_INSUFFICIENT_HISTORY|VIX_UNAVAILABLE,105,54.29,0.159,51.43,0.306,50.48,0.694,52.38,2.397
144,MOMENTUM|INSUFFICIENT_HISTORY|VOLATILE|SIDEWAYS|VIX_ELEVATED,52,42.31,0.556,53.85,0.858,53.85,0.69,46.15,-0.16
145,OVERSOLD|SIDEWAYS|NORMAL|SPY_INSUFFICIENT_HISTORY|VIX_UNAVAILABLE,37,56.76,0.299,51.35,0.692,45.95,0.681,45.95,0.586
146,MOMENTUM|HIGH_VOLATILITY|VOLATILE|SPY_INSUFFICIENT_HISTORY|VIX_UNAVAILABLE,454,44.93,-0.082,48.68,0.312,48.02,0.679,46.92,1.085
147,MOMENTUM|BEAR|NORMAL|SPY_INSUFFICIENT_HISTORY|VIX_UNAVAILABLE,60,56.67,0.323,56.67,0.682,51.67,0.668,58.33,0.171
148,PANIC|INSUFFICIENT_HISTORY|VOLATILE|SPY_INSUFFICIENT_HISTORY|VIX_EXTREME,334,52.1,0.213,52.69,0.276,64.37,0.664,57.49,1.088
149,MOMENTUM|BULL|VOLATILE|SIDEWAYS|VIX_ELEVATED,1166,52.66,0.184,57.98,0.511,56.43,0.664,56.86,1.092
150,PANIC|BULL|VOLATILE|SIDEWAYS|VIX_HIGH,686,55.25,0.091,55.54,0.29,55.83,0.634,57.58,0.903
151,MOMENTUM|SIDEWAYS|VOLATILE|SPY_INSUFFICIENT_HISTORY|VIX_UNAVAILABLE,204,50.98,0.182,48.04,0.207,52.45,0.623,52.94,1.023
152,OVERBOUGHT|SIDEWAYS|NORMAL|BEAR|VIX_HIGH,79,59.49,0.283,56.96,0.458,60.76,0.621,68.35,1.813
153,PANIC|SIDEWAYS|NORMAL|SIDEWAYS|VIX_ELEVATED,905,51.6,0.053,53.81,0.212,57.79,0.619,56.69,0.989
154,MOMENTUM|BEAR|NORMAL|SIDEWAYS|VIX_HIGH,249,51.0,-0.056,53.82,0.421,55.02,0.61,58.63,1.439
155,PANIC|BULL|NORMAL|BULL|VIX_LOW,1596,55.64,0.15,55.83,0.427,56.45,0.605,55.89,0.888
156,MOMENTUM|BULL|VOLATILE|SIDEWAYS|VIX_HIGH,839,51.25,0.056,52.32,0.294,55.07,0.593,56.02,1.052
157,PANIC|SIDEWAYS|NORMAL|BULL|VIX_HIGH,356,52.25,0.081,54.49,0.408,53.65,0.587,54.21,0.616
158,MOMENTUM|BEAR|VOLATILE|SIDEWAYS|VIX_ELEVATED,525,51.05,0.144,56.38,0.362,55.62,0.586,53.9,0.846
159,MOMENTUM|BULL|VOLATILE|BULL|VIX_LOW,4026,50.05,0.157,52.21,0.297,53.1,0.586,53.9,1.071
160,PANIC|HIGH_VOLATILITY|VOLATILE|SIDEWAYS|VIX_ELEVATED,1023,49.17,0.051,51.03,0.455,51.03,0.584,52.3,1.255
161,MOMENTUM|BEAR|VOLATILE|SIDEWAYS|VIX_LOW,97,57.73,0.389,52.58,0.371,50.52,0.571,47.42,0.278
162,MOMENTUM|BEAR|VOLATILE|BULL|VIX_HIGH,176,53.98,0.305,57.39,0.559,58.52,0.553,48.86,-0.099
163,OVERBOUGHT|SIDEWAYS|NORMAL|SIDEWAYS|VIX_EXTREME,34,35.29,-0.528,44.12,0.088,52.94,0.552,64.71,4.987
164,MOMENTUM|BEAR|VOLATILE|SIDEWAYS|VIX_HIGH,565,54.16,0.218,53.81,0.229,55.04,0.53,60.88,1.888
165,OVERSOLD|HIGH_VOLATILITY|NORMAL|BULL|VIX_HIGH,17,64.71,1.14,47.06,0.389,58.82,0.519,58.82,3.479
166,OVERSOLD|BEAR|NORMAL|SIDEWAYS|VIX_ELEVATED,400,51.5,0.162,52.75,0.399,54.25,0.515,53.0,0.523
167,MOMENTUM|HIGH_VOLATILITY|VOLATILE|BULL|VIX_ELEVATED,1791,46.57,0.314,47.35,0.447,45.06,0.507,47.46,1.413
168,OVERBOUGHT|BULL|NORMAL|SIDEWAYS|VIX_HIGH,316,50.32,-0.03,56.01,0.282,61.39,0.504,68.04,1.592
169,OVERBOUGHT|INSUFFICIENT_HISTORY|NORMAL|SPY_INSUFFICIENT_HISTORY|VIX_ELEVATED,274,52.55,-0.033,59.49,0.412,59.85,0.496,69.71,0.952
170,PANIC|HIGH_VOLATILITY|VOLATILE|BEAR|VIX_EXTREME,258,48.84,0.074,53.1,0.144,54.65,0.496,54.26,0.188
171,PANIC|SIDEWAYS|VOLATILE|SIDEWAYS|VIX_HIGH,1938,51.96,0.013,56.55,0.298,57.59,0.491,56.81,0.804
172,PANIC|BULL|NORMAL|SIDEWAYS|VIX_ELEVATED,515,53.4,0.112,52.62,0.237,57.09,0.488,59.61,1.208
173,MOMENTUM|SIDEWAYS|NORMAL|HIGH_VOL|VIX_HIGH,36,63.89,0.717,55.56,0.811,52.78,0.479,44.44,-0.005
174,PANIC|HIGH_VOLATILITY|VOLATILE|SIDEWAYS|VIX_HIGH,1216,49.67,-0.07,51.4,0.331,50.66,0.477,51.97,0.587
175,OVERBOUGHT|INSUFFICIENT_HISTORY|NORMAL|SPY_INSUFFICIENT_HISTORY|VIX_HIGH,265,45.66,0.017,58.49,0.186,61.51,0.461,64.91,1.251
176,MOMENTUM|BULL|NORMAL|SIDEWAYS|VIX_LOW,201,52.74,0.2,60.7,0.252,58.21,0.461,57.71,0.289
177,PANIC|BEAR|VOLATILE|SIDEWAYS|VIX_HIGH,941,49.31,-0.046,52.28,0.061,54.94,0.461,53.99,0.451
178,OVERBOUGHT|SIDEWAYS|NORMAL|SIDEWAYS|VIX_HIGH,284,48.59,-0.004,58.45,0.187,55.99,0.451,65.85,1.105
179,PANIC|HIGH_VOLATILITY|NORMAL|BULL|VIX_HIGH,146,45.89,0.128,55.48,0.963,51.37,0.444,52.74,1.628
180,MOMENTUM|BEAR|NORMAL|BEAR|VIX_EXTREME,75,44.0,-0.064,57.33,0.238,58.67,0.435,62.67,0.663
181,OVERSOLD|SIDEWAYS|NORMAL|SIDEWAYS|VIX_LOW,59,57.63,0.005,57.63,0.53,55.93,0.434,66.1,0.408
182,PANIC|HIGH_VOLATILITY|NORMAL|SPY_INSUFFICIENT_HISTORY|VIX_UNAVAILABLE,89,48.31,0.147,46.07,-0.079,47.19,0.427,50.56,1.344
183,MOMENTUM|BULL|VOLATILE|BULL|VIX_ELEVATED,2965,52.85,0.181,52.18,0.213,52.21,0.423,55.04,0.969
184,MOMENTUM|BULL|NORMAL|SIDEWAYS|VIX_ELEVATED,668,51.2,0.022,55.09,0.186,56.14,0.409,57.93,0.942
185,OVERSOLD|BULL|NORMAL|SIDEWAYS|VIX_ELEVATED,9,77.78,0.16,66.67,0.158,77.78,0.401,77.78,2.576
186,MOMENTUM|SIDEWAYS|NORMAL|SIDEWAYS|VIX_HIGH,678,55.01,0.084,53.54,0.139,57.08,0.401,61.65,1.181
187,PANIC|SIDEWAYS|VOLATILE|SIDEWAYS|VIX_LOW,217,53.46,0.06,51.15,0.264,55.3,0.399,52.53,0.15
188,PANIC|BEAR|NORMAL|BEAR|VIX_HIGH,229,51.09,0.22,48.91,-0.019,57.21,0.392,60.26,1.161
189,MOMENTUM|HIGH_VOLATILITY|NORMAL|SIDEWAYS|VIX_HIGH,177,52.54,0.387,50.28,0.529,51.98,0.392,47.46,-0.232
190,MOMENTUM|INSUFFICIENT_HISTORY|NORMAL|SPY_INSUFFICIENT_HISTORY|VIX_HIGH,399,46.37,0.029,50.88,0.166,56.64,0.39,59.9,0.907
191,PANIC|SIDEWAYS|VOLATILE|BEAR|VIX_HIGH,426,53.99,0.122,55.63,0.523,53.99,0.39,55.16,0.884
192,OVERSOLD|INSUFFICIENT_HISTORY|NORMAL|SPY_INSUFFICIENT_HISTORY|VIX_HIGH,130,44.62,0.032,54.62,0.432,48.46,0.386,53.85,0.846
193,OVERSOLD|BULL|NORMAL|BULL|VIX_LOW,44,50.0,0.06,54.55,0.087,56.82,0.38,50.0,1.226
194,OVERSOLD|BULL|NORMAL|BULL|VIX_ELEVATED,27,44.44,-0.158,48.15,-0.095,51.85,0.376,40.74,-0.964
195,PANIC|BULL|NORMAL|SIDEWAYS|VIX_HIGH,409,52.32,0.039,56.97,0.291,54.77,0.375,56.97,0.812
196,OVERBOUGHT|BULL|NORMAL|BULL|VIX_ELEVATED,1952,53.12,0.077,54.35,0.252,55.53,0.373,60.55,1.14
197,PANIC|SIDEWAYS|VOLATILE|BULL|VIX_LOW,2094,50.86,-0.007,51.24,0.191,52.67,0.37,52.1,0.561
198,PANIC|HIGH_VOLATILITY|NORMAL|BULL|VIX_ELEVATED,293,45.73,-0.075,52.22,0.236,46.42,0.368,51.54,1.061
199,PANIC|BULL|VOLATILE|SIDEWAYS|VIX_ELEVATED,661,53.4,-0.019,53.56,0.172,55.22,0.367,56.43,0.849
200,MOMENTUM|HIGH_VOLATILITY|NORMAL|BULL|VIX_HIGH,99,45.45,0.102,45.45,-0.207,50.51,0.36,50.51,1.247
201,PANIC|BEAR|NORMAL|SPY_INSUFFICIENT_HISTORY|VIX_UNAVAILABLE,53,49.06,-0.33,45.28,-0.301,50.94,0.351,58.49,1.87
202,MOMENTUM|SIDEWAYS|VOLATILE|SIDEWAYS|VIX_HIGH,1303,50.42,0.012,52.19,0.185,54.18,0.35,59.94,1.423
203,PANIC|INSUFFICIENT_HISTORY|VOLATILE|SPY_INSUFFICIENT_HISTORY|VIX_ELEVATED,267,47.57,-0.047,45.32,0.094,46.07,0.346,42.7,-0.504
204,PANIC|INSUFFICIENT_HISTORY|NORMAL|SPY_INSUFFICIENT_HISTORY|VIX_EXTREME,94,42.55,-0.304,53.19,0.602,57.45,0.345,50.0,0.569
205,MOMENTUM|SIDEWAYS|NORMAL|BULL|VIX_HIGH,258,47.67,-0.069,49.61,0.215,53.88,0.336,50.78,0.68
206,MOMENTUM|SIDEWAYS|VOLATILE|BULL|VIX_LOW,2339,48.48,0.136,50.88,0.23,51.56,0.333,53.66,0.586
207,PANIC|INSUFFICIENT_HISTORY|VOLATILE|BULL|VIX_LOW,208,47.12,-0.223,44.23,0.142,42.31,0.331,41.83,0.516
208,MOMENTUM|BEAR|NORMAL|BEAR|VIX_HIGH,194,48.45,-0.11,55.15,0.202,55.67,0.329,59.79,0.986
209,PANIC|BULL|NORMAL|BULL|VIX_HIGH,414,50.97,0.03,52.66,0.275,52.66,0.323,60.87,1.345
210,MOMENTUM|HIGH_VOLATILITY|VOLATILE|BULL|VIX_HIGH,763,47.84,-0.026,50.72,0.399,47.58,0.32,46.26,0.895
211,MOMENTUM|BULL|NORMAL|BULL|VIX_LOW,2697,51.21,0.075,52.69,0.229,52.5,0.314,54.06,0.559
212,MOMENTUM|HIGH_VOLATILITY|VOLATILE|BEAR|VIX_HIGH,440,46.36,-0.339,50.0,-0.149,48.41,0.31,52.5,0.589
213,PANIC|BULL|VOLATILE|BULL|VIX_LOW,1768,54.19,0.118,52.49,0.287,53.17,0.308,53.05,0.958
214,PANIC|BULL|NORMAL|SIDEWAYS|VIX_LOW,118,50.85,0.066,50.85,-0.091,51.69,0.284,50.85,-0.047
215,PANIC|INSUFFICIENT_HISTORY|NORMAL|SPY_INSUFFICIENT_HISTORY|VIX_UNAVAILABLE,19,68.42,0.433,47.37,0.536,47.37,0.272,42.11,0.315
216,PANIC|BULL|NORMAL|BULL|VIX_ELEVATED,1173,48.0,-0.042,51.75,0.029,52.17,0.267,50.3,0.477
217,PANIC|BEAR|NORMAL|SIDEWAYS|VIX_HIGH,395,46.33,-0.139,51.14,0.1,52.91,0.264,55.44,0.676
218,PANIC|SIDEWAYS|NORMAL|BULL|VIX_LOW,1425,49.75,-0.012,52.07,0.125,52.84,0.259,51.37,0.263
219,MOMENTUM|SIDEWAYS|NORMAL|BEAR|VIX_HIGH,208,50.96,-0.006,55.77,0.219,55.77,0.255,59.13,1.129
220,MOMENTUM|BEAR|NORMAL|BULL|VIX_HIGH,73,39.73,-0.169,39.73,0.028,43.84,0.241,42.47,-0.184
221,OVERSOLD|SIDEWAYS|NORMAL|BULL|VIX_LOW,667,50.97,0.034,53.52,0.157,52.17,0.237,52.62,0.32
222,OVERSOLD|SIDEWAYS|NORMAL|SIDEWAYS|VIX_HIGH,377,49.34,-0.077,54.64,0.088,54.38,0.23,54.11,0.407
223,MOMENTUM|BEAR|VOLATILE|BEAR|VIX_HIGH,408,49.26,-0.167,52.45,0.169,50.25,0.227,55.15,0.921
224,PANIC|BEAR|VOLATILE|BULL|VIX_EXTREME,13,61.54,0.079,53.85,0.353,46.15,0.222,61.54,0.488
225,MOMENTUM|BEAR|NORMAL|SIDEWAYS|VIX_ELEVATED,300,51.0,0.19,57.67,0.31,52.67,0.217,49.33,-0.236
226,PANIC|BEAR|VOLATILE|SIDEWAYS|VIX_ELEVATED,860,47.79,-0.149,47.44,0.027,49.42,0.217,53.72,0.474
227,MOMENTUM|BEAR|NORMAL|BEAR|VIX_ELEVATED,18,44.44,-0.513,66.67,1.313,44.44,0.216,66.67,1.222
228,OVERBOUGHT|BULL|NORMAL|BULL|VIX_LOW,4174,52.16,0.057,52.92,0.12,53.64,0.206,56.01,0.486
229,MOMENTUM|BEAR|VOLATILE|BULL|VIX_LOW,765,48.63,0.106,49.15,0.13,51.11,0.2,52.94,0.488
230,MOMENTUM|SIDEWAYS|NORMAL|BULL|VIX_LOW,1447,50.38,0.099,52.32,0.116,52.32,0.195,53.56,0.509
231,OVERBOUGHT|BULL|NORMAL|SIDEWAYS|VIX_EXTREME,29,44.83,-0.009,62.07,-0.465,58.62,0.194,62.07,1.302
232,MOMENTUM|BEAR|VOLATILE|HIGH_VOL|VIX_HIGH,87,39.08,-0.002,52.87,-0.232,54.02,0.194,63.22,0.689
233,PANIC|BEAR|NORMAL|BULL|VIX_HIGH,139,48.92,0.441,55.4,0.529,50.36,0.194,49.64,0.455
234,MOMENTUM|SIDEWAYS|VOLATILE|SIDEWAYS|VIX_LOW,371,52.02,0.198,51.48,0.076,53.91,0.189,52.29,0.102
235,PANIC|SIDEWAYS|NORMAL|SIDEWAYS|VIX_LOW,186,48.92,0.025,59.14,0.209,52.69,0.187,53.23,0.348
236,OVERBOUGHT|SIDEWAYS|NORMAL|BULL|VIX_LOW,1008,51.39,0.102,52.18,0.096,56.35,0.18,56.05,0.342
237,MOMENTUM|HIGH_VOLATILITY|NORMAL|BULL|VIX_ELEVATED,297,39.73,-0.387,38.72,-0.961,44.78,0.164,49.16,0.406
238,OVERBOUGHT|BEAR|NORMAL|SIDEWAYS|VIX_ELEVATED,14,78.57,1.021,64.29,-0.065,57.14,0.162,57.14,-0.862
239,MOMENTUM|SIDEWAYS|VOLATILE|BEAR|VIX_HIGH,380,50.79,0.047,51.58,0.079,53.16,0.162,55.53,0.403
240,OVERBOUGHT|BULL|NORMAL|SIDEWAYS|VIX_LOW,191,48.69,-0.103,51.31,-0.015,46.07,0.16,58.64,0.572
241,PANIC|BULL|NORMAL|HIGH_VOL|VIX_HIGH,9,55.56,-0.458,33.33,-0.479,44.44,0.154,44.44,0.268
242,PANIC|INSUFFICIENT_HISTORY|VOLATILE|SIDEWAYS|VIX_ELEVATED,58,39.66,-0.349,48.28,-0.193,37.93,0.149,44.83,-0.919
243,PANIC|BEAR|VOLATILE|SIDEWAYS|VIX_EXTREME,273,44.69,-0.296,54.58,-0.044,54.58,0.146,55.68,0.879
244,OVERBOUGHT|SIDEWAYS|NORMAL|SIDEWAYS|VIX_ELEVATED,429,51.75,0.021,51.52,0.009,51.05,0.145,53.61,-0.042
245,PANIC|BEAR|VOLATILE|BULL|VIX_ELEVATED,1024,50.39,-0.057,51.07,0.208,49.71,0.143,50.78,0.241
246,OVERSOLD|HIGH_VOLATILITY|NORMAL|BEAR|VIX_EXTREME,30,56.67,0.717,60.0,0.715,46.67,0.141,36.67,-2.182
247,PANIC|BULL|VOLATILE|BEAR|VIX_EXTREME,85,43.53,-0.428,42.35,-0.576,44.71,0.137,57.65,0.685
248,MOMENTUM|BULL|NORMAL|SIDEWAYS|VIX_HIGH,412,52.91,0.059,49.27,-0.042,52.91,0.136,58.74,0.956
249,OVERBOUGHT|BULL|NORMAL|SIDEWAYS|VIX_ELEVATED,527,50.28,0.058,47.82,-0.068,47.63,0.134,56.93,0.669
250,OVERBOUGHT|SIDEWAYS|NORMAL|SIDEWAYS|VIX_LOW,185,52.43,0.151,52.43,0.091,51.35,0.126,62.7,0.302
251,PANIC|BULL|VOLATILE|BULL|VIX_ELEVATED,1478,49.32,-0.078,50.68,0.12,49.19,0.111,53.25,0.786
252,MOMENTUM|HIGH_VOLATILITY|VOLATILE|HIGH_VOL|VIX_HIGH,200,48.0,-0.106,56.5,0.091,56.0,0.105,55.5,0.973
253,OVERSOLD|BEAR|NORMAL|SPY_INSUFFICIENT_HISTORY|VIX_UNAVAILABLE,46,60.87,0.798,56.52,0.22,63.04,0.102,43.48,-1.026
254,OVERBOUGHT|BULL|NORMAL|HIGH_VOL|VIX_EXTREME,9,44.44,-0.154,55.56,0.476,44.44,0.096,44.44,-0.085
255,PANIC|SIDEWAYS|VOLATILE|BULL|VIX_ELEVATED,2028,48.57,-0.06,48.87,-0.016,50.2,0.085,49.11,0.322
256,MOMENTUM|BULL|NORMAL|BULL|VIX_ELEVATED,1768,48.7,0.012,50.06,0.007,52.09,0.076,54.98,0.56
257,MOMENTUM|INSUFFICIENT_HISTORY|NORMAL|SPY_INSUFFICIENT_HISTORY|VIX_ELEVATED,210,50.95,0.037,46.67,-0.003,51.43,0.07,51.9,-0.042
258,OVERSOLD|SIDEWAYS|NORMAL|BULL|VIX_ELEVATED,513,47.95,0.054,51.07,0.048,50.49,0.062,51.27,0.379
259,MOMENTUM|BEAR|NORMAL|BULL|VIX_LOW,469,48.19,0.002,50.11,0.203,49.25,0.06,53.3,0.288
260,PANIC|BEAR|VOLATILE|BEAR|VIX_ELEVATED,12,41.67,-0.61,58.33,-0.072,41.67,0.06,33.33,-1.982
261,MOMENTUM|HIGH_VOLATILITY|VOLATILE|SIDEWAYS|VIX_HIGH,1236,49.03,-0.01,48.38,-0.257,50.16,0.049,53.24,1.337
262,MOMENTUM|BEAR|VOLATILE|BULL|VIX_ELEVATED,717,51.46,0.247,50.49,0.273,47.14,0.035,44.77,-0.036
263,PANIC|SIDEWAYS|NORMAL|BEAR|VIX_HIGH,203,55.67,0.149,52.22,-0.03,55.17,0.031,60.59,0.604
264,PANIC|BEAR|VOLATILE|BULL|VIX_LOW,1155,48.4,-0.13,48.23,-0.228,50.56,0.026,48.31,-0.32
265,MOMENTUM|INSUFFICIENT_HISTORY|VOLATILE|SPY_INSUFFICIENT_HISTORY|VIX_HIGH,933,47.27,-0.004,51.66,0.018,50.7,0.002,53.48,0.132
266,OVERSOLD|BEAR|NORMAL|BULL|VIX_ELEVATED,398,47.74,-0.064,45.98,-0.023,51.26,-0.006,52.01,-0.068
267,PANIC|BEAR|NORMAL|SIDEWAYS|VIX_EXTREME,54,44.44,-0.398,46.3,-0.147,51.85,-0.007,62.96,1.989
268,PANIC|INSUFFICIENT_HISTORY|NORMAL|SPY_INSUFFICIENT_HISTORY|VIX_HIGH,424,53.07,0.112,54.01,0.122,51.18,-0.022,54.25,0.584
269,MOMENTUM|BULL|VOLATILE|BEAR|VIX_HIGH,256,54.3,0.182,55.86,0.224,49.22,-0.026,53.91,0.422
270,PANIC|INSUFFICIENT_HISTORY|VOLATILE|BULL|VIX_ELEVATED,121,53.72,-0.013,48.76,-0.364,45.45,-0.03,37.19,0.524
271,MOMENTUM|BEAR|VOLATILE|BEAR|VIX_ELEVATED,24,41.67,-0.12,54.17,-0.143,62.5,-0.048,75.0,1.736
272,PANIC|SIDEWAYS|NORMAL|BULL|VIX_ELEVATED,1199,48.46,-0.021,49.12,-0.131,49.04,-0.055,51.21,0.351
273,PANIC|SIDEWAYS|NORMAL|HIGH_VOL|VIX_HIGH,28,57.14,0.393,57.14,-0.004,53.57,-0.071,46.43,-0.647
274,OVERBOUGHT|SIDEWAYS|NORMAL|BULL|VIX_ELEVATED,625,49.44,-0.079,49.44,-0.091,49.44,-0.107,51.68,0.259
275,MOMENTUM|HIGH_VOLATILITY|NORMAL|BEAR|VIX_ELEVATED,7,42.86,-0.908,71.43,1.449,42.86,-0.116,71.43,1.276
276,PANIC|BEAR|VOLATILE|BEAR|VIX_HIGH,656,46.95,-0.132,47.41,-0.091,46.95,-0.128,51.52,0.458
277,PANIC|INSUFFICIENT_HISTORY|VOLATILE|SPY_INSUFFICIENT_HISTORY|VIX_HIGH,805,51.93,-0.062,49.81,-0.039,47.08,-0.133,50.56,0.139
278,PANIC|INSUFFICIENT_HISTORY|NORMAL|BULL|VIX_ELEVATED,48,33.33,0.171,56.25,0.52,39.58,-0.134,39.58,-0.577
279,PANIC|BEAR|NORMAL|SIDEWAYS|VIX_ELEVATED,452,47.79,-0.046,47.57,-0.174,46.02,-0.141,53.32,0.146
280,PANIC|INSUFFICIENT_HISTORY|NORMAL|SPY_INSUFFICIENT_HISTORY|VIX_ELEVATED,190,50.0,-0.011,43.16,-0.517,44.74,-0.156,46.84,-0.552
281,MOMENTUM|SIDEWAYS|NORMAL|BULL|VIX_ELEVATED,1092,49.63,0.024,46.34,-0.15,47.8,-0.164,48.35,0.127
282,MOMENTUM|SIDEWAYS|VOLATILE|BULL|VIX_ELEVATED,2061,50.66,0.065,48.57,-0.088,48.91,-0.178,50.02,0.152
283,MOMENTUM|HIGH_VOLATILITY|NORMAL|SIDEWAYS|VIX_LOW,26,34.62,-0.596,46.15,-0.361,46.15,-0.179,50.0,-0.341
284,PANIC|HIGH_VOLATILITY|VOLATILE|BULL|VIX_EXTREME,46,45.65,-0.037,45.65,-0.894,50.0,-0.185,32.61,-1.804
285,OVERSOLD|INSUFFICIENT_HISTORY|NORMAL|BULL|VIX_ELEVATED,20,30.0,-0.337,30.0,-1.455,40.0,-0.197,50.0,-0.659
286,PANIC|BEAR|NORMAL|BULL|VIX_ELEVATED,517,46.81,-0.088,45.65,-0.118,45.84,-0.202,49.9,-0.315
287,PANIC|BEAR|NORMAL|BULL|VIX_LOW,668,47.16,-0.158,48.35,-0.179,47.6,-0.223,47.46,-0.388
288,MOMENTUM|SIDEWAYS|VOLATILE|BEAR|VIX_ELEVATED,42,57.14,0.116,59.52,0.52,47.62,-0.258,59.52,0.639
289,MOMENTUM|BEAR|NORMAL|SIDEWAYS|VIX_EXTREME,16,37.5,-0.852,62.5,-0.46,43.75,-0.258,68.75,2.286
290,OVERSOLD|BEAR|NORMAL|BULL|VIX_LOW,514,48.44,-0.013,46.69,-0.255,46.5,-0.262,46.3,0.037
291,MOMENTUM|SIDEWAYS|NORMAL|BEAR|VIX_EXTREME,60,48.33,-0.312,50.0,-0.541,50.0,-0.264,48.33,0.048
292,OVERBOUGHT|INSUFFICIENT_HISTORY|NORMAL|BULL|VIX_ELEVATED,11,27.27,-1.337,27.27,-1.158,45.45,-0.265,72.73,0.541
293,MOMENTUM|INSUFFICIENT_HISTORY|VOLATILE|SPY_INSUFFICIENT_HISTORY|VIX_EXTREME,149,51.68,0.001,51.01,-0.663,57.72,-0.305,47.65,-1.012
294,PANIC|BULL|NORMAL|HIGH_VOL|VIX_EXTREME,20,45.0,-0.273,45.0,-0.468,45.0,-0.312,50.0,-1.145
295,PANIC|HIGH_VOLATILITY|VOLATILE|BEAR|VIX_HIGH,536,47.95,0.047,46.64,-0.031,46.83,-0.316,51.31,0.531
296,MOMENTUM|INSUFFICIENT_HISTORY|VOLATILE|SPY_INSUFFICIENT_HISTORY|VIX_ELEVATED,385,49.35,0.148,47.53,-0.152,46.75,-0.323,45.71,-0.788
297,MOMENTUM|INSUFFICIENT_HISTORY|VOLATILE|BULL|VIX_ELEVATED,119,45.38,0.66,43.7,0.105,32.77,-0.331,37.82,-0.174
298,OVERSOLD|HIGH_VOLATILITY|NORMAL|SIDEWAYS|VIX_LOW,9,66.67,1.043,44.44,-1.065,55.56,-0.335,44.44,0.23
299,PANIC|SIDEWAYS|NORMAL|BEAR|VIX_EXTREME,82,36.59,-0.416,48.78,-0.377,48.78,-0.348,56.1,-0.164
300,MOMENTUM|INSUFFICIENT_HISTORY|NORMAL|SPY_INSUFFICIENT_HISTORY|VIX_EXTREME,53,35.85,-0.542,52.83,-0.058,54.72,-0.381,56.6,-0.501
301,OVERSOLD|INSUFFICIENT_HISTORY|NORMAL|SIDEWAYS|VIX_ELEVATED,12,58.33,-0.23,41.67,0.072,41.67,-0.384,50.0,0.828
302,OVERSOLD|BEAR|NORMAL|BEAR|VIX_HIGH,140,55.71,0.336,56.43,0.371,50.0,-0.388,50.71,-0.292
303,PANIC|BEAR|NORMAL|SIDEWAYS|VIX_LOW,74,43.24,-0.17,51.35,-0.046,43.24,-0.388,39.19,-0.595
304,MOMENTUM|BULL|VOLATILE|BEAR|VIX_EXTREME,97,40.21,-0.681,43.3,-0.255,49.48,-0.439,53.61,-0.7
305,OVERSOLD|BULL|NORMAL|SIDEWAYS|VIX_HIGH,8,75.0,0.542,37.5,0.073,75.0,-0.447,87.5,0.41
306,OVERBOUGHT|HIGH_VOLATILITY|NORMAL|SIDEWAYS|VIX_ELEVATED,74,39.19,-0.641,32.43,-0.609,39.19,-0.448,43.24,-0.294
307,PANIC|SIDEWAYS|VOLATILE|SPY_INSUFFICIENT_HISTORY|VIX_UNAVAILABLE,159,53.46,-0.076,47.17,-0.598,48.43,-0.455,50.94,-0.646
308,MOMENTUM|BEAR|NORMAL|BULL|VIX_ELEVATED,379,46.97,-0.001,45.12,-0.279,44.85,-0.463,47.23,-0.621
309,PANIC|HIGH_VOLATILITY|NORMAL|BEAR|VIX_EXTREME,34,52.94,0.505,52.94,-0.311,47.06,-0.522,52.94,-0.857
310,MOMENTUM|SIDEWAYS|NORMAL|HIGH_VOL|VIX_EXTREME,38,44.74,0.073,52.63,-0.179,52.63,-0.568,63.16,-1.139
311,OVERSOLD|INSUFFICIENT_HISTORY|NORMAL|BULL|VIX_HIGH,9,33.33,-0.244,33.33,-0.372,33.33,-0.581,55.56,-0.323
312,OVERBOUGHT|BULL|NORMAL|BEAR|VIX_ELEVATED,8,37.5,-0.747,50.0,-0.038,25.0,-0.599,25.0,-2.761
313,PANIC|INSUFFICIENT_HISTORY|NORMAL|BULL|VIX_LOW,81,30.86,-0.589,33.33,-0.565,38.27,-0.616,44.44,2.411
314,PANIC|BEAR|VOLATILE|SIDEWAYS|VIX_LOW,129,47.29,-0.237,47.29,-0.254,43.41,-0.633,35.66,-1.956
315,MOMENTUM|HIGH_VOLATILITY|NORMAL|SIDEWAYS|VIX_EXTREME,52,40.38,0.558,44.23,0.002,42.31,-0.682,57.69,1.658
316,MOMENTUM|SIDEWAYS|VOLATILE|HIGH_VOL|VIX_HIGH,103,53.4,0.322,42.72,-0.426,48.54,-0.685,47.57,-0.512
317,MOMENTUM|INSUFFICIENT_HISTORY|VOLATILE|BULL|VIX_HIGH,19,47.37,-0.241,26.32,-1.842,36.84,-0.692,63.16,3.426
318,OVERSOLD|BEAR|NORMAL|SIDEWAYS|VIX_LOW,93,48.39,0.078,49.46,0.038,46.24,-0.787,44.09,-1.039
319,PANIC|INSUFFICIENT_HISTORY|NORMAL|SIDEWAYS|VIX_ELEVATED,20,45.0,-0.008,40.0,-1.402,40.0,-0.799,25.0,-3.368
320,MOMENTUM|BULL|VOLATILE|HIGH_VOL|VIX_EXTREME,86,40.7,-0.524,46.51,-0.618,39.53,-0.847,46.51,-1.338
321,OVERBOUGHT|BULL|NORMAL|BEAR|VIX_HIGH,61,45.9,-0.058,45.9,-0.198,39.34,-0.887,36.07,-2.941
322,MOMENTUM|BULL|NORMAL|BEAR|VIX_HIGH,101,39.6,-0.397,40.59,-0.71,41.58,-0.899,45.54,-0.815
323,PANIC|BULL|NORMAL|BEAR|VIX_HIGH,82,51.22,-0.03,47.56,-0.611,47.56,-0.937,46.34,-0.564
324,MOMENTUM|BEAR|NORMAL|HIGH_VOL|VIX_EXTREME,33,48.48,-0.315,51.52,-0.881,48.48,-0.988,51.52,-0.282
325,MOMENTUM|BEAR|VOLATILE|HIGH_VOL|VIX_EXTREME,114,42.98,-0.411,48.25,-0.861,50.0,-1.001,55.26,-1.188
326,OVERSOLD|INSUFFICIENT_HISTORY|NORMAL|SIDEWAYS|VIX_HIGH,10,40.0,-1.508,50.0,-0.614,60.0,-1.026,60.0,-2.212
327,MOMENTUM|HIGH_VOLATILITY|VOLATILE|SIDEWAYS|VIX_EXTREME,347,44.96,-0.521,41.21,-0.929,41.5,-1.128,48.13,-0.3
328,MOMENTUM|HIGH_VOLATILITY|VOLATILE|BEAR|VIX_EXTREME,175,44.0,-0.933,49.71,-0.588,45.14,-1.138,49.71,-1.818
329,PANIC|BULL|NORMAL|BEAR|VIX_EXTREME,27,37.04,-0.54,25.93,-1.524,40.74,-1.164,48.15,-1.291
330,MOMENTUM|INSUFFICIENT_HISTORY|NORMAL|BULL|VIX_HIGH,13,46.15,0.143,38.46,-0.594,38.46,-1.182,53.85,-0.9
331,PANIC|BEAR|NORMAL|BEAR|VIX_ELEVATED,12,33.33,-0.791,41.67,0.573,50.0,-1.248,25.0,-0.683
332,PANIC|SIDEWAYS|VOLATILE|BEAR|VIX_ELEVATED,11,36.36,-0.695,36.36,-1.579,36.36,-1.391,45.45,-1.386
333,PANIC|BEAR|VOLATILE|HIGH_VOL|VIX_EXTREME,178,44.38,-0.654,55.62,-0.511,53.93,-1.404,55.62,-2.865
334,OVERSOLD|BEAR|NORMAL|BEAR|VIX_ELEVATED,7,28.57,-0.47,28.57,-1.476,0.0,-1.442,57.14,1.831
335,OVERBOUGHT|HIGH_VOLATILITY|NORMAL|SIDEWAYS|VIX_LOW,24,50.0,0.195,41.67,-0.538,37.5,-1.484,45.83,-0.782
336,PANIC|BULL|VOLATILE|BEAR|VIX_HIGH,169,42.6,-0.365,44.38,-0.836,42.6,-1.518,47.34,-1.496
337,PANIC|SIDEWAYS|NORMAL|BEAR|VIX_ELEVATED,9,77.78,0.854,55.56,0.078,44.44,-1.532,55.56,-0.267
338,PANIC|HIGH_VOLATILITY|NORMAL|BEAR|VIX_HIGH,95,44.21,-0.022,45.26,-0.684,47.37,-1.59,47.37,-0.42
339,PANIC|INSUFFICIENT_HISTORY|NORMAL|SIDEWAYS|VIX_HIGH,14,21.43,-0.71,28.57,-0.943,21.43,-1.592,50.0,0.415
340,OVERSOLD|INSUFFICIENT_HISTORY|NORMAL|SPY_INSUFFICIENT_HISTORY|VIX_UNAVAILABLE,7,14.29,-2.241,42.86,-0.508,57.14,-1.659,71.43,2.709
341,OVERSOLD|INSUFFICIENT_HISTORY|NORMAL|SPY_INSUFFICIENT_HISTORY|VIX_ELEVATED,30,40.0,-0.594,30.0,-1.608,26.67,-1.815,13.33,-4.174
342,PANIC|BEAR|NORMAL|HIGH_VOL|VIX_EXTREME,55,47.27,-0.634,45.45,-1.502,50.91,-2.04,58.18,-2.203
343,MOMENTUM|SIDEWAYS|VOLATILE|SPY_INSUFFICIENT_HISTORY|VIX_ELEVATED,6,33.33,-0.123,33.33,-0.674,16.67,-2.122,33.33,-2.421
344,OVERSOLD|BEAR|NORMAL|BULL|VIX_EXTREME,6,33.33,-1.305,50.0,-1.693,16.67,-2.231,33.33,-1.809
345,OVERSOLD|BEAR|NORMAL|HIGH_VOL|VIX_EXTREME,39,48.72,-0.247,48.72,-1.405,41.03,-2.436,56.41,-2.697
346,MOMENTUM|SIDEWAYS|VOLATILE|HIGH_VOL|VIX_EXTREME,143,47.55,-0.938,49.65,-2.221,42.66,-2.653,48.95,-3.312
347,MOMENTUM|HIGH_VOLATILITY|VOLATILE|BULL|VIX_EXTREME,23,47.83,-2.319,39.13,-3.734,52.17,-2.677,39.13,-2.436
348,OVERBOUGHT|BULL|NORMAL|BEAR|VIX_EXTREME,5,20.0,-1.996,20.0,-2.393,0.0,-2.746,0.0,-5.679
349,PANIC|HIGH_VOLATILITY|VOLATILE|BEAR|VIX_ELEVATED,26,50.0,-0.585,50.0,-2.068,30.77,-2.996,34.62,-3.406
350,MOMENTUM|HIGH_VOLATILITY|NORMAL|BEAR|VIX_EXTREME,21,57.14,-0.541,42.86,-1.589,52.38,-3.009,47.62,-3.92
351,PANIC|SIDEWAYS|NORMAL|HIGH_VOL|VIX_EXTREME,37,48.65,-0.936,37.84,-2.798,43.24,-3.187,51.35,-4.915
352,PANIC|SIDEWAYS|VOLATILE|HIGH_VOL|VIX_EXTREME,182,42.31,-1.284,45.05,-2.461,43.96,-4.245,50.0,-5.297
353,OVERSOLD|SIDEWAYS|NORMAL|HIGH_VOL|VIX_EXTREME,14,50.0,-2.006,35.71,-6.255,21.43,-9.498,28.57,-10.971
